matrix_id,rhs_file,n,nnz,k,converged,reason,its,residual,time
10,rhs_10_1.bin,302,1786,0,True,2,22,2.0742271939958857e-06,0.0007152840007620398
10,rhs_10_1.bin,302,1786,1,True,2,17,3.2742593411907733e-06,0.0005872080000699498
10,rhs_10_1.bin,302,1786,2,True,2,13,1.003049895186051e-06,0.0006475079999290756
10,rhs_10_1.bin,302,1786,3,True,2,8,5.569919788345271e-06,0.0007957070001793909
10,rhs_10_2.bin,302,1786,0,True,2,23,3.5462400653433977e-06,0.0004861719999098568
10,rhs_10_2.bin,302,1786,1,True,2,18,5.087873645914462e-06,0.0005420010002126219
10,rhs_10_2.bin,302,1786,2,True,2,13,2.679112928941217e-06,0.0005997149992253981
10,rhs_10_2.bin,302,1786,3,True,2,8,1.965709282950339e-05,0.0008232370000769151
10,rhs_10_3.bin,302,1786,0,True,2,23,0.0002870331582292508,0.00050741300037771
10,rhs_10_3.bin,302,1786,1,True,2,18,0.00031923842170985243,0.000543608000043605
10,rhs_10_3.bin,302,1786,2,True,2,13,0.00020297448448342335,0.0005748410003434401
10,rhs_10_3.bin,302,1786,3,True,2,9,0.0001202570633423593,0.0007495910003854078
10,rhs_10_4.bin,302,1786,0,True,2,21,0.0002806620935094822,0.00043383800039009657
10,rhs_10_4.bin,302,1786,1,True,2,17,0.0002542558414762939,0.0005083220003143651
10,rhs_10_4.bin,302,1786,2,True,2,12,0.0005379772384405257,0.0005942650004726602
10,rhs_10_4.bin,302,1786,3,True,2,7,0.0012764765188449621,0.0007276520000232267
10,rhs_10_5.bin,302,1786,0,True,2,20,0.00029195322298791173,0.00045822399988537654
10,rhs_10_5.bin,302,1786,1,True,2,18,0.00014840653370624114,0.0005504549999386654
10,rhs_10_5.bin,302,1786,2,True,2,11,0.0006900363046823435,0.0005294930006130016
10,rhs_10_5.bin,302,1786,3,True,2,7,0.0012732323071693412,0.0006943219996173866
10,mat_10.txt,mat_10.mtx,rhs_10_1.bin,0,True,2,32,1.1012978514751669e-09,0.0012154200003351434
10,mat_10.txt,mat_10.mtx,rhs_10_1.bin,1,True,2,26,1.7965182252013649e-09,0.0009248010001101648
10,mat_10.txt,mat_10.mtx,rhs_10_1.bin,2,True,2,17,9.977453854165022e-10,0.0009810250003283727
10,mat_10.txt,mat_10.mtx,rhs_10_1.bin,3,True,2,11,5.182626395333981e-09,0.0010307539996574633
10,mat_10.txt,mat_10.mtx,rhs_10_2.bin,0,True,2,31,4.430786082972545e-09,0.0007947519998197095
10,mat_10.txt,mat_10.mtx,rhs_10_2.bin,1,True,2,26,3.987951451955513e-09,0.0009402369996678317
10,mat_10.txt,mat_10.mtx,rhs_10_2.bin,2,True,2,17,2.617927637734394e-09,0.0009249409995391034
10,mat_10.txt,mat_10.mtx,rhs_10_2.bin,3,True,2,11,1.3497619276532787e-08,0.0008717199998500291
10,mat_10.txt,mat_10.mtx,rhs_10_3.bin,0,True,2,32,1.6252132534319482e-07,0.0007264449996000621
10,mat_10.txt,mat_10.mtx,rhs_10_3.bin,1,True,2,26,2.917804263322696e-07,0.0007373400003416464
10,mat_10.txt,mat_10.mtx,rhs_10_3.bin,2,True,2,17,1.4523062059512488e-07,0.0007875579995015869
10,mat_10.txt,mat_10.mtx,rhs_10_3.bin,3,True,2,11,7.340217863571191e-07,0.0011853879996124306
10,mat_10.txt,mat_10.mtx,rhs_10_4.bin,0,True,2,30,3.28778626205821e-07,0.000771213999541942
10,mat_10.txt,mat_10.mtx,rhs_10_4.bin,1,True,2,25,3.0868447928221367e-07,0.0007369209997705184
10,mat_10.txt,mat_10.mtx,rhs_10_4.bin,2,True,2,16,3.1597557168457714e-07,0.0006808369998907438
10,mat_10.txt,mat_10.mtx,rhs_10_4.bin,3,True,2,11,2.2440045401757525e-07,0.000818010000330105
10,mat_10.txt,mat_10.mtx,rhs_10_5.bin,0,True,2,30,1.712304877740087e-07,0.000681675000123505
10,mat_10.txt,mat_10.mtx,rhs_10_5.bin,1,True,2,26,1.3676732153965279e-07,0.0007469789998140186
10,mat_10.txt,mat_10.mtx,rhs_10_5.bin,2,True,2,16,4.314004259326183e-07,0.0006854459998066886
10,mat_10.txt,mat_10.mtx,rhs_10_5.bin,3,True,2,11,3.088574968465144e-07,0.0008076029998846934
30,mat_30.txt,mat_30.mtx,rhs_30_1.bin,0,True,2,35,4.1394013558594636e-10,0.0008813579997877241
30,mat_30.txt,mat_30.mtx,rhs_30_1.bin,1,True,2,27,7.356062897029694e-10,0.0010579230001894757
30,mat_30.txt,mat_30.mtx,rhs_30_1.bin,2,True,2,18,3.934422751784387e-10,0.0008576809996156953
30,mat_30.txt,mat_30.mtx,rhs_30_1.bin,3,True,2,12,1.1301526116810638e-09,0.0008393130001422833
30,mat_30.txt,mat_30.mtx,rhs_30_2.bin,0,True,2,34,4.840526064398951e-10,0.0007103110001480673
30,mat_30.txt,mat_30.mtx,rhs_30_2.bin,1,True,2,27,4.306402235662251e-10,0.0007536140001320746
30,mat_30.txt,mat_30.mtx,rhs_30_2.bin,2,True,2,18,2.930513086635261e-10,0.0007783390001350199
30,mat_30.txt,mat_30.mtx,rhs_30_2.bin,3,True,2,12,6.925663160908529e-10,0.0011328649998176843
30,mat_30.txt,mat_30.mtx,rhs_30_3.bin,0,True,2,34,1.7545291917352999e-09,0.0010097310005221516
30,mat_30.txt,mat_30.mtx,rhs_30_3.bin,1,True,2,27,1.2063646003956177e-09,0.001008474000627757
30,mat_30.txt,mat_30.mtx,rhs_30_3.bin,2,True,2,18,1.0101287348296388e-09,0.0008342129995071446
30,mat_30.txt,mat_30.mtx,rhs_30_3.bin,3,True,2,12,6.5572012096813335e-09,0.0009917109991874895
30,mat_30.txt,mat_30.mtx,rhs_30_4.bin,0,True,2,34,6.6675529652178885e-09,0.0010132229999726405
30,mat_30.txt,mat_30.mtx,rhs_30_4.bin,1,True,2,27,4.8054450573998646e-09,0.0008380549998037168
30,mat_30.txt,mat_30.mtx,rhs_30_4.bin,2,True,2,17,3.1883845211710826e-08,0.0006849569999758387
30,mat_30.txt,mat_30.mtx,rhs_30_4.bin,3,True,2,12,3.2518458141675896e-08,0.0008478330000798451
30,mat_30.txt,mat_30.mtx,rhs_30_5.bin,0,True,2,34,5.226530055488448e-09,0.0007226030002129846
30,mat_30.txt,mat_30.mtx,rhs_30_5.bin,1,True,2,27,5.878216913244939e-09,0.0008527919999323785
30,mat_30.txt,mat_30.mtx,rhs_30_5.bin,2,True,2,18,3.6372130257567874e-09,0.000814377999631688
30,mat_30.txt,mat_30.mtx,rhs_30_5.bin,3,True,2,12,2.471037355332753e-08,0.0010287279992553522
30,mat_30.txt,mat_30.mtx,rhs_30_6.bin,0,True,2,34,2.6032996472688984e-09,0.0009990440003093681
30,mat_30.txt,mat_30.mtx,rhs_30_6.bin,1,True,2,27,2.7336041131057167e-09,0.0009857750001174281
30,mat_30.txt,mat_30.mtx,rhs_30_6.bin,2,True,2,18,2.6899899639776923e-09,0.0007978949997777818
30,mat_30.txt,mat_30.mtx,rhs_30_6.bin,3,True,2,12,1.5817240626593075e-08,0.0009808849999899394
45,mat_45.txt,mat_45.mtx,rhs_45_1.bin,0,True,2,32,7.566588775423495e-11,0.0008167530004357104
45,mat_45.txt,mat_45.mtx,rhs_45_1.bin,1,True,2,26,5.5031246970484127e-11,0.0007645089999641641
45,mat_45.txt,mat_45.mtx,rhs_45_1.bin,2,True,2,18,4.574362767236615e-11,0.000740901999961352
45,mat_45.txt,mat_45.mtx,rhs_45_1.bin,3,True,2,12,3.3372752033549826e-10,0.0008534210001016618
45,mat_45.txt,mat_45.mtx,rhs_45_2.bin,0,True,2,32,3.335234505697018e-10,0.0007043740006338339
45,mat_45.txt,mat_45.mtx,rhs_45_2.bin,1,True,2,26,1.910806355375584e-10,0.0007414609999614186
45,mat_45.txt,mat_45.mtx,rhs_45_2.bin,2,True,2,18,1.6809876665434016e-10,0.0007392959996650461
45,mat_45.txt,mat_45.mtx,rhs_45_2.bin,3,True,2,12,7.263911217819178e-10,0.0008441310001217062
45,mat_45.txt,mat_45.mtx,rhs_45_3.bin,0,True,2,32,1.2214479854240332e-09,0.0006880310002088663
45,mat_45.txt,mat_45.mtx,rhs_45_3.bin,1,True,2,25,2.419328909889963e-09,0.0006995550002102391
45,mat_45.txt,mat_45.mtx,rhs_45_3.bin,2,True,2,17,2.5127680674579107e-09,0.0006843290002507274
45,mat_45.txt,mat_45.mtx,rhs_45_3.bin,3,True,2,12,2.5866808047800256e-09,0.0008440609999524895
45,mat_45.txt,mat_45.mtx,rhs_45_4.bin,0,True,2,30,4.248347643177967e-09,0.0006515019995276816
45,mat_45.txt,mat_45.mtx,rhs_45_4.bin,1,True,2,25,3.0771471961346104e-09,0.000700532999871939
45,mat_45.txt,mat_45.mtx,rhs_45_4.bin,2,True,2,17,4.370529069706875e-09,0.0006899859999975888
45,mat_45.txt,mat_45.mtx,rhs_45_4.bin,3,True,2,11,5.007541288474321e-08,0.0007946120003907708
45,mat_45.txt,mat_45.mtx,rhs_45_5.bin,0,True,2,31,7.203674044794303e-09,0.0006766460001017549
45,mat_45.txt,mat_45.mtx,rhs_45_5.bin,1,True,2,25,7.980220024946831e-09,0.0007049320001897286
45,mat_45.txt,mat_45.mtx,rhs_45_5.bin,2,True,2,17,9.780847994609108e-09,0.0006862840000394499
45,mat_45.txt,mat_45.mtx,rhs_45_5.bin,3,True,2,12,6.112698740214345e-09,0.0008029930004340713
45,mat_45.txt,mat_45.mtx,rhs_45_6.bin,0,True,2,31,8.964790543783357e-09,0.0006902650002302835
45,mat_45.txt,mat_45.mtx,rhs_45_6.bin,1,True,2,25,5.8201158513061975e-09,0.0007297279998965678
45,mat_45.txt,mat_45.mtx,rhs_45_6.bin,2,True,2,17,1.0630510143350616e-08,0.0006850270001450554
45,mat_45.txt,mat_45.mtx,rhs_45_6.bin,3,True,2,12,5.052536228402949e-09,0.0008067649996519322
45,mat_45.txt,mat_45.mtx,rhs_45_7.bin,0,True,2,31,7.855256183647601e-09,0.0006937569996807724
45,mat_45.txt,mat_45.mtx,rhs_45_7.bin,1,True,2,25,6.234129662155606e-09,0.000719041000593279
45,mat_45.txt,mat_45.mtx,rhs_45_7.bin,2,True,2,17,6.119470407875165e-09,0.000719250000656757
45,mat_45.txt,mat_45.mtx,rhs_45_7.bin,3,True,2,11,7.396548046380085e-08,0.0008060669997576042
45,mat_45.txt,mat_45.mtx,rhs_45_8.bin,0,True,2,32,1.265788522599659e-08,0.0006934079992788611
45,mat_45.txt,mat_45.mtx,rhs_45_8.bin,1,True,2,25,3.16914239131452e-08,0.000719110999853001
45,mat_45.txt,mat_45.mtx,rhs_45_8.bin,2,True,2,17,3.9145111876525076e-08,0.0007087039994075894
45,mat_45.txt,mat_45.mtx,rhs_45_8.bin,3,True,2,12,3.336278424288988e-08,0.0008454590006294893
45,mat_45.txt,mat_45.mtx,rhs_45_9.bin,0,True,2,31,1.2440316664839582e-08,0.0006919419993209885
45,mat_45.txt,mat_45.mtx,rhs_45_9.bin,1,True,2,25,1.0249359526206467e-08,0.0007140130001062062
45,mat_45.txt,mat_45.mtx,rhs_45_9.bin,2,True,2,17,1.3468903385862956e-08,0.0006992059998083278
45,mat_45.txt,mat_45.mtx,rhs_45_9.bin,3,True,2,12,2.5586999684963462e-08,0.0008116540002447437
45,mat_45.txt,mat_45.mtx,rhs_45_10.bin,0,True,2,31,2.399469357416694e-08,0.000681464999615855
45,mat_45.txt,mat_45.mtx,rhs_45_10.bin,1,True,2,25,2.203235807543019e-08,0.0007075170005919063
45,mat_45.txt,mat_45.mtx,rhs_45_10.bin,2,True,2,17,4.521224986853262e-08,0.0006758079998689936
45,mat_45.txt,mat_45.mtx,rhs_45_10.bin,3,True,2,12,3.936453165099354e-08,0.0008258320003733388
45,mat_45.txt,mat_45.mtx,rhs_45_11.bin,0,True,2,31,6.21950916289141e-08,0.0006953640004212502
45,mat_45.txt,mat_45.mtx,rhs_45_11.bin,1,True,2,25,6.507800463094004e-08,0.0007233710002765292
45,mat_45.txt,mat_45.mtx,rhs_45_11.bin,2,True,2,17,7.267343650349138e-08,0.0006980179996389779
45,mat_45.txt,mat_45.mtx,rhs_45_11.bin,3,True,2,12,1.0667810742342733e-07,0.0008215719999498106
51,mat_51.txt,mat_51.mtx,rhs_51_1.bin,0,True,2,30,1.3599314540589767e-10,0.0008493699997416115
51,mat_51.txt,mat_51.mtx,rhs_51_1.bin,1,True,2,24,1.8145730523597465e-10,0.0007255370001075789
51,mat_51.txt,mat_51.mtx,rhs_51_1.bin,2,True,2,17,1.7372961385545065e-10,0.0007326599998123129
51,mat_51.txt,mat_51.mtx,rhs_51_1.bin,3,True,2,12,1.7564944538551245e-10,0.0008604049999121344
51,mat_51.txt,mat_51.mtx,rhs_51_2.bin,0,True,2,29,9.342480271665219e-09,0.0006693120003546937
51,mat_51.txt,mat_51.mtx,rhs_51_2.bin,1,True,2,23,1.8251010206086768e-08,0.0007084950002536061
51,mat_51.txt,mat_51.mtx,rhs_51_2.bin,2,True,2,16,1.93395952878655e-08,0.0006860049998067552
51,mat_51.txt,mat_51.mtx,rhs_51_2.bin,3,True,2,11,3.956952160314605e-08,0.0008206640004573273
51,mat_51.txt,mat_51.mtx,rhs_51_3.bin,0,True,2,29,2.7872037282463576e-08,0.0006671480005024932
51,mat_51.txt,mat_51.mtx,rhs_51_3.bin,1,True,2,23,5.625867590702583e-08,0.0006663090007350547
51,mat_51.txt,mat_51.mtx,rhs_51_3.bin,2,True,2,16,6.560329075801673e-08,0.00067252600001666
51,mat_51.txt,mat_51.mtx,rhs_51_3.bin,3,True,2,12,1.3920803446492617e-08,0.0008336549999512499
51,mat_51.txt,mat_51.mtx,rhs_51_4.bin,0,True,2,30,5.5525540690268766e-09,0.0006686139995508711
51,mat_51.txt,mat_51.mtx,rhs_51_4.bin,1,True,2,24,7.000712006941217e-09,0.0006923609998921165
51,mat_51.txt,mat_51.mtx,rhs_51_4.bin,2,True,2,16,1.4711987123686956e-08,0.0007640210005774861
51,mat_51.txt,mat_51.mtx,rhs_51_4.bin,3,True,2,12,8.260114161260494e-09,0.0008386129993596114
54,mat_54.txt,mat_54.mtx,rhs_54_1.bin,0,True,2,29,2.6241654422810103e-10,0.0007488640003430191
54,mat_54.txt,mat_54.mtx,rhs_54_1.bin,1,True,2,24,2.8435579855366037e-10,0.0006975989999773446
54,mat_54.txt,mat_54.mtx,rhs_54_1.bin,2,True,2,16,9.450927403944151e-10,0.0006728739999743993
54,mat_54.txt,mat_54.mtx,rhs_54_1.bin,3,True,2,12,3.256695244249222e-10,0.0008514649998687673
54,mat_54.txt,mat_54.mtx,rhs_54_2.bin,0,True,2,30,5.83368935837412e-10,0.0006495469997389591
54,mat_54.txt,mat_54.mtx,rhs_54_2.bin,1,True,2,24,1.3072775899976453e-09,0.0006744120000803377
54,mat_54.txt,mat_54.mtx,rhs_54_2.bin,2,True,2,17,8.503796201933959e-10,0.0006922209995536832
54,mat_54.txt,mat_54.mtx,rhs_54_2.bin,3,True,2,12,1.7591313775041993e-09,0.0008411970002271119
54,mat_54.txt,mat_54.mtx,rhs_54_3.bin,0,True,2,30,2.1349174220736173e-09,0.000664004000100249
54,mat_54.txt,mat_54.mtx,rhs_54_3.bin,1,True,2,24,3.4511651697211876e-09,0.0006757380006092717
54,mat_54.txt,mat_54.mtx,rhs_54_3.bin,2,True,2,17,1.8392419477423248e-09,0.0006839790003141388
54,mat_54.txt,mat_54.mtx,rhs_54_3.bin,3,True,2,12,1.0176309775907593e-08,0.0008050879996517324
54,mat_54.txt,mat_54.mtx,rhs_54_4.bin,0,True,2,29,4.353243675289972e-09,0.0006290119999903254
54,mat_54.txt,mat_54.mtx,rhs_54_4.bin,1,True,2,23,1.965754301443979e-09,0.0006561119998877984
54,mat_54.txt,mat_54.mtx,rhs_54_4.bin,2,True,2,16,3.981965206299238e-09,0.0006566009997186484
54,mat_54.txt,mat_54.mtx,rhs_54_4.bin,3,True,2,11,2.4591825466480066e-08,0.0008738149999771849
54,mat_54.txt,mat_54.mtx,rhs_54_5.bin,0,True,2,29,1.811965327118164e-08,0.0009515509991615545
54,mat_54.txt,mat_54.mtx,rhs_54_5.bin,1,True,2,23,2.2487633828311932e-08,0.0006804169997849385
54,mat_54.txt,mat_54.mtx,rhs_54_5.bin,2,True,2,16,1.7177582879483212e-08,0.0007050020003589452
54,mat_54.txt,mat_54.mtx,rhs_54_5.bin,3,True,2,11,8.84889290366373e-08,0.0008260409995273221
54,mat_54.txt,mat_54.mtx,rhs_54_6.bin,0,True,2,29,2.347642248744874e-08,0.0006554829997185152
54,mat_54.txt,mat_54.mtx,rhs_54_6.bin,1,True,2,22,6.225573529975042e-08,0.000654155999654904
54,mat_54.txt,mat_54.mtx,rhs_54_6.bin,2,True,2,15,1.299761658269375e-07,0.0006561819991475204
54,mat_54.txt,mat_54.mtx,rhs_54_6.bin,3,True,2,11,7.329794595299325e-08,0.0008253429996329942
57,mat_57.txt,mat_57.mtx,rhs_57_1.bin,0,True,2,29,1.7970912236340632e-09,0.0007873479999034316
57,mat_57.txt,mat_57.mtx,rhs_57_1.bin,1,True,2,25,6.898781110083513e-10,0.0007371300007434911
57,mat_57.txt,mat_57.mtx,rhs_57_1.bin,2,True,2,17,5.061881020207765e-10,0.000734686000214424
57,mat_57.txt,mat_57.mtx,rhs_57_1.bin,3,True,2,12,6.988991493345531e-10,0.0008516039997630287
57,mat_57.txt,mat_57.mtx,rhs_57_2.bin,0,True,2,29,1.2937531521095376e-08,0.0006628159999308991
57,mat_57.txt,mat_57.mtx,rhs_57_2.bin,1,True,2,24,6.938655930230166e-09,0.0006992750004428672
57,mat_57.txt,mat_57.mtx,rhs_57_2.bin,2,True,2,16,1.8770619717917562e-08,0.0006945949999135337
57,mat_57.txt,mat_57.mtx,rhs_57_2.bin,3,True,2,12,1.1657786435346264e-08,0.0008344930001840112
57,mat_57.txt,mat_57.mtx,rhs_57_3.bin,0,True,2,30,5.9587121864801695e-09,0.0006822329996793997
57,mat_57.txt,mat_57.mtx,rhs_57_3.bin,1,True,2,24,5.715140483762931e-09,0.0006933390004633111
57,mat_57.txt,mat_57.mtx,rhs_57_3.bin,2,True,2,17,1.8352144135198813e-09,0.0008076019994405215
57,mat_57.txt,mat_57.mtx,rhs_57_3.bin,3,True,2,12,3.812810232901832e-09,0.0008447600002909894
57,mat_57.txt,mat_57.mtx,rhs_57_4.bin,0,True,2,30,2.0349960401488377e-08,0.0006849569999758387
57,mat_57.txt,mat_57.mtx,rhs_57_4.bin,1,True,2,24,2.3843796818578804e-08,0.0006945259992789943
57,mat_57.txt,mat_57.mtx,rhs_57_4.bin,2,True,2,16,2.739319907759039e-08,0.000681255999552377
57,mat_57.txt,mat_57.mtx,rhs_57_4.bin,3,True,2,12,4.503079982876382e-08,0.0008327460000145948
57,mat_57.txt,mat_57.mtx,rhs_57_5.bin,0,True,2,30,1.547113800846133e-08,0.0006725940002070274
57,mat_57.txt,mat_57.mtx,rhs_57_5.bin,1,True,2,24,6.943956838376925e-09,0.0006986470007177559
57,mat_57.txt,mat_57.mtx,rhs_57_5.bin,2,True,2,17,8.006630915780048e-09,0.0007085639999786508
57,mat_57.txt,mat_57.mtx,rhs_57_5.bin,3,True,2,12,2.40082841136981e-08,0.0008247840005424223
57,mat_57.txt,mat_57.mtx,rhs_57_6.bin,0,True,2,30,5.961431642277234e-08,0.0006875409999338444
57,mat_57.txt,mat_57.mtx,rhs_57_6.bin,1,True,2,24,9.736006400933174e-08,0.0007109389998731785
57,mat_57.txt,mat_57.mtx,rhs_57_6.bin,2,True,2,16,2.708495780873818e-07,0.0006817439998485497
57,mat_57.txt,mat_57.mtx,rhs_57_6.bin,3,True,2,12,8.065402350913503e-08,0.0008332360002896166
57,mat_57.txt,mat_57.mtx,rhs_57_7.bin,0,True,2,30,1.1421694610139658e-07,0.0006773439999960829
57,mat_57.txt,mat_57.mtx,rhs_57_7.bin,1,True,2,24,1.0243056218200103e-07,0.0006895669994264608
57,mat_57.txt,mat_57.mtx,rhs_57_7.bin,2,True,2,16,1.8145891742862988e-07,0.0006778329998269328
57,mat_57.txt,mat_57.mtx,rhs_57_7.bin,3,True,2,12,8.031721311421131e-08,0.000832746999549272
57,mat_57.txt,mat_57.mtx,rhs_57_8.bin,0,True,2,30,8.821785480227433e-08,0.000684677999743144
57,mat_57.txt,mat_57.mtx,rhs_57_8.bin,1,True,2,24,1.1052718726940885e-07,0.0007020689999990282
57,mat_57.txt,mat_57.mtx,rhs_57_8.bin,2,True,2,17,4.5173577368204136e-08,0.0007135229998311843
57,mat_57.txt,mat_57.mtx,rhs_57_8.bin,3,True,2,12,2.231108005721195e-07,0.0008421749998888117
57,mat_57.txt,mat_57.mtx,rhs_57_9.bin,0,True,2,30,1.3220666585309203e-07,0.0006832809995103162
57,mat_57.txt,mat_57.mtx,rhs_57_9.bin,1,True,2,24,1.6635805189062506e-07,0.0007113579995348118
57,mat_57.txt,mat_57.mtx,rhs_57_9.bin,2,True,2,17,7.711530582371279e-08,0.0007221839996418566
57,mat_57.txt,mat_57.mtx,rhs_57_9.bin,3,True,2,12,1.2660663355174014e-07,0.0008289739998872392
61,mat_61.txt,mat_61.mtx,rhs_61_1.bin,0,True,2,32,9.892981105619758e-09,0.0008124220003082883
61,mat_61.txt,mat_61.mtx,rhs_61_1.bin,1,True,2,25,8.565507256713077e-09,0.0007399939995593741
61,mat_61.txt,mat_61.mtx,rhs_61_1.bin,2,True,2,17,3.659763839277702e-08,0.0007239999995363178
61,mat_61.txt,mat_61.mtx,rhs_61_1.bin,3,True,2,12,2.139810013887017e-08,0.0008494390003761509
61,mat_61.txt,mat_61.mtx,rhs_61_2.bin,0,True,2,30,8.812909683720464e-09,0.000669102999381721
61,mat_61.txt,mat_61.mtx,rhs_61_2.bin,1,True,2,24,4.565976853292665e-09,0.000700253000104567
61,mat_61.txt,mat_61.mtx,rhs_61_2.bin,2,True,2,17,3.0930256894231623e-09,0.0007157589998314506
61,mat_61.txt,mat_61.mtx,rhs_61_2.bin,3,True,2,12,6.2115228719239975e-09,0.0008279279991256772
61,mat_61.txt,mat_61.mtx,rhs_61_3.bin,0,True,2,32,7.693952405141762e-09,0.000703955000062706
61,mat_61.txt,mat_61.mtx,rhs_61_3.bin,1,True,2,25,5.804962053573492e-09,0.0007172249997893232
61,mat_61.txt,mat_61.mtx,rhs_61_3.bin,2,True,2,17,3.8898609541784495e-08,0.000706888000422623
61,mat_61.txt,mat_61.mtx,rhs_61_3.bin,3,True,2,12,2.2014719374810404e-08,0.0008214310000767
61,mat_61.txt,mat_61.mtx,rhs_61_4.bin,0,True,2,32,5.603909198020911e-09,0.0006901959995957441
61,mat_61.txt,mat_61.mtx,rhs_61_4.bin,1,True,2,25,2.9265663489721895e-09,0.0007171550005296012
61,mat_61.txt,mat_61.mtx,rhs_61_4.bin,2,True,2,17,5.876891248967754e-09,0.0007052119999571005
61,mat_61.txt,mat_61.mtx,rhs_61_4.bin,3,True,2,12,1.0878932853287254e-08,0.0008814270004222635
61,mat_61.txt,mat_61.mtx,rhs_61_5.bin,0,True,2,32,2.829001556680058e-09,0.0007214850002128514
61,mat_61.txt,mat_61.mtx,rhs_61_5.bin,1,True,2,24,5.936448087804495e-09,0.0006990660003793892
61,mat_61.txt,mat_61.mtx,rhs_61_5.bin,2,True,2,17,5.7688111373614235e-09,0.0007026279999990948
61,mat_61.txt,mat_61.mtx,rhs_61_5.bin,3,True,2,12,1.1335223675114323e-08,0.0008156339999914053
61,mat_61.txt,mat_61.mtx,rhs_61_6.bin,0,True,2,32,2.121827099672973e-08,0.0006896369995956775
61,mat_61.txt,mat_61.mtx,rhs_61_6.bin,1,True,2,25,2.1731113375053468e-08,0.0007125449992599897
61,mat_61.txt,mat_61.mtx,rhs_61_6.bin,2,True,2,18,8.040983301206241e-09,0.0007302849999177852
61,mat_61.txt,mat_61.mtx,rhs_61_6.bin,3,True,2,12,5.6515167773412414e-08,0.0008171009994839551
61,mat_61.txt,mat_61.mtx,rhs_61_7.bin,0,True,2,31,3.591058788225184e-08,0.0006896369995956775
61,mat_61.txt,mat_61.mtx,rhs_61_7.bin,1,True,2,24,4.555533601630764e-08,0.0007017190000624396
61,mat_61.txt,mat_61.mtx,rhs_61_7.bin,2,True,2,17,3.263100202457255e-08,0.0007154790000640787
61,mat_61.txt,mat_61.mtx,rhs_61_7.bin,3,True,2,12,1.460887952303706e-07,0.0008173810001608217
61,mat_61.txt,mat_61.mtx,rhs_61_8.bin,0,True,2,32,1.399133497611477e-08,0.0007066079997457564
61,mat_61.txt,mat_61.mtx,rhs_61_8.bin,1,True,2,25,1.1180696887603562e-08,0.0007140810002965736
61,mat_61.txt,mat_61.mtx,rhs_61_8.bin,2,True,2,18,5.848397645792098e-09,0.0007334990004892461
61,mat_61.txt,mat_61.mtx,rhs_61_8.bin,3,True,2,12,4.66151226553003e-08,0.0008342129995071446
61,mat_61.txt,mat_61.mtx,rhs_61_9.bin,0,True,2,31,1.5218279294298645e-07,0.0006964109998079948
61,mat_61.txt,mat_61.mtx,rhs_61_9.bin,1,True,2,25,4.123229885475507e-08,0.0007157580002967734
61,mat_61.txt,mat_61.mtx,rhs_61_9.bin,2,True,2,17,2.4822909071830504e-07,0.0007084250000843895
61,mat_61.txt,mat_61.mtx,rhs_61_9.bin,3,True,2,12,2.3606973181199156e-07,0.0008268100000350387
61,mat_61.txt,mat_61.mtx,rhs_61_10.bin,0,True,2,31,2.7350067874584724e-08,0.0006846079995739274
61,mat_61.txt,mat_61.mtx,rhs_61_10.bin,1,True,2,24,2.3130528046494888e-08,0.0006997639993642224
61,mat_61.txt,mat_61.mtx,rhs_61_10.bin,2,True,2,17,2.8811994945793285e-08,0.0007006719997662003
61,mat_61.txt,mat_61.mtx,rhs_61_10.bin,3,True,2,12,9.4508705444479e-08,0.0008203139996112441
61,mat_61.txt,mat_61.mtx,rhs_61_11.bin,0,True,2,32,9.447183634366213e-08,0.000703953999618534
61,mat_61.txt,mat_61.mtx,rhs_61_11.bin,1,True,2,25,6.209191570015211e-08,0.0007182030003605178
61,mat_61.txt,mat_61.mtx,rhs_61_11.bin,2,True,2,18,3.124957233111504e-08,0.0007258849991558236
61,mat_61.txt,mat_61.mtx,rhs_61_11.bin,3,True,2,12,1.8975433884182044e-07,0.0008217810000132886
61,mat_61.txt,mat_61.mtx,rhs_61_12.bin,0,True,2,32,8.11089608779339e-08,0.0006950839997443836
61,mat_61.txt,mat_61.mtx,rhs_61_12.bin,1,True,2,24,1.4826825487259792e-07,0.0006934779994480778
61,mat_61.txt,mat_61.mtx,rhs_61_12.bin,2,True,2,17,1.0715004243685118e-07,0.0007000430005064118
61,mat_61.txt,mat_61.mtx,rhs_61_12.bin,3,True,2,12,2.712856064584194e-07,0.0008182890005627996
61,mat_61.txt,mat_61.mtx,rhs_61_13.bin,0,True,2,30,5.267760984635402e-08,0.000672524999572488
61,mat_61.txt,mat_61.mtx,rhs_61_13.bin,1,True,2,25,1.99600413870119e-08,0.0007200179998108069
61,mat_61.txt,mat_61.mtx,rhs_61_13.bin,2,True,2,17,3.465168806814283e-08,0.0007044439998935559
61,mat_61.txt,mat_61.mtx,rhs_61_13.bin,3,True,2,12,3.82011815402835e-08,0.0008229679997384665
61,mat_61.txt,mat_61.mtx,rhs_61_14.bin,0,True,2,32,1.329746985426356e-07,0.0006936879999557277
61,mat_61.txt,mat_61.mtx,rhs_61_14.bin,1,True,2,25,1.148722105924602e-07,0.0007060500001898617
61,mat_61.txt,mat_61.mtx,rhs_61_14.bin,2,True,2,17,6.433772714647824e-07,0.0007003219998296117
61,mat_61.txt,mat_61.mtx,rhs_61_14.bin,3,True,2,12,6.388345885803957e-07,0.0008142379992932547
67,mat_67.txt,mat_67.mtx,rhs_67_1.bin,0,True,2,31,1.3690806599277988e-08,0.0009129970003414201
67,mat_67.txt,mat_67.mtx,rhs_67_1.bin,1,True,2,24,2.5209589300284585e-08,0.0007138029995985562
67,mat_67.txt,mat_67.mtx,rhs_67_1.bin,2,True,2,17,2.0682664559496856e-08,0.0007297969996216125
67,mat_67.txt,mat_67.mtx,rhs_67_1.bin,3,True,2,12,1.9709726630876357e-08,0.0008624990005046129
67,mat_67.txt,mat_67.mtx,rhs_67_2.bin,0,True,2,30,9.274133332477032e-09,0.0006774140001652995
67,mat_67.txt,mat_67.mtx,rhs_67_2.bin,1,True,2,24,7.225377459438056e-09,0.0007008120001046336
67,mat_67.txt,mat_67.mtx,rhs_67_2.bin,2,True,2,17,6.433415065541282e-09,0.0007154779996199068
67,mat_67.txt,mat_67.mtx,rhs_67_2.bin,3,True,2,12,9.923657601703203e-09,0.0008318380005221115
67,mat_67.txt,mat_67.mtx,rhs_67_3.bin,0,True,2,30,2.6779926844286025e-08,0.000679090000630822
67,mat_67.txt,mat_67.mtx,rhs_67_3.bin,1,True,2,24,1.4480123058963829e-08,0.000740901999961352
67,mat_67.txt,mat_67.mtx,rhs_67_3.bin,2,True,2,17,2.6477347786331556e-08,0.0007147100004658569
67,mat_67.txt,mat_67.mtx,rhs_67_3.bin,3,True,2,12,3.395405150199757e-08,0.0008350509997399058
67,mat_67.txt,mat_67.mtx,rhs_67_4.bin,0,True,2,31,1.6267956515390094e-08,0.0006851660000393167
67,mat_67.txt,mat_67.mtx,rhs_67_4.bin,1,True,2,24,2.5306999740767842e-08,0.000712406000275223
67,mat_67.txt,mat_67.mtx,rhs_67_4.bin,2,True,2,17,2.3524441499726646e-08,0.0007114979998732451
67,mat_67.txt,mat_67.mtx,rhs_67_4.bin,3,True,2,12,1.4163816997553284e-08,0.000832746999549272
67,mat_67.txt,mat_67.mtx,rhs_67_5.bin,0,True,2,31,1.3378955159035441e-08,0.0006774140001652995
67,mat_67.txt,mat_67.mtx,rhs_67_5.bin,1,True,2,25,6.817721369955786e-09,0.0007001829999353504
67,mat_67.txt,mat_67.mtx,rhs_67_5.bin,2,True,2,17,1.1738180007655965e-08,0.0006934780003575725
67,mat_67.txt,mat_67.mtx,rhs_67_5.bin,3,True,2,12,2.066963688728461e-08,0.0008054370000536437
67,mat_67.txt,mat_67.mtx,rhs_67_6.bin,0,True,2,31,1.0952965401719968e-08,0.0006772739998268662
67,mat_67.txt,mat_67.mtx,rhs_67_6.bin,1,True,2,25,4.775735904963881e-09,0.0007044439998935559
67,mat_67.txt,mat_67.mtx,rhs_67_6.bin,2,True,2,17,6.316777475843559e-09,0.0006905449999976554
67,mat_67.txt,mat_67.mtx,rhs_67_6.bin,3,True,2,12,1.8888183603135897e-08,0.0008008280001376988
67,mat_67.txt,mat_67.mtx,rhs_67_7.bin,0,True,2,30,4.212056396304452e-08,0.000654575000226032
67,mat_67.txt,mat_67.mtx,rhs_67_7.bin,1,True,2,24,6.94980540933005e-08,0.000669731000016327
67,mat_67.txt,mat_67.mtx,rhs_67_7.bin,2,True,2,17,5.4594637780027156e-08,0.0006862840000394499
67,mat_67.txt,mat_67.mtx,rhs_67_7.bin,3,True,2,12,6.765909420942532e-08,0.000800059000539477
67,mat_67.txt,mat_67.mtx,rhs_67_8.bin,0,True,2,30,5.606459978006416e-08,0.0006534570002258988
67,mat_67.txt,mat_67.mtx,rhs_67_8.bin,1,True,2,24,3.332598513963104e-08,0.0006718960003126995
67,mat_67.txt,mat_67.mtx,rhs_67_8.bin,2,True,2,17,4.716544131918406e-08,0.0006859349996375386
67,mat_67.txt,mat_67.mtx,rhs_67_8.bin,3,True,2,12,8.388673134125695e-08,0.0008078119999481714
67,mat_67.txt,mat_67.mtx,rhs_67_9.bin,0,True,2,30,4.825665401516724e-08,0.0006824429992775549
67,mat_67.txt,mat_67.mtx,rhs_67_9.bin,1,True,2,24,2.6022974613695506e-08,0.0006734329999744659
67,mat_67.txt,mat_67.mtx,rhs_67_9.bin,2,True,2,17,3.8866437931579146e-08,0.0006792300000597606
67,mat_67.txt,mat_67.mtx,rhs_67_9.bin,3,True,2,12,5.7169054625880603e-08,0.0008021549992918153
67,mat_67.txt,mat_67.mtx,rhs_67_10.bin,0,True,2,30,9.383865082912365e-08,0.000651781000669871
67,mat_67.txt,mat_67.mtx,rhs_67_10.bin,1,True,2,24,1.1220158072768716e-07,0.0006640740002694656
67,mat_67.txt,mat_67.mtx,rhs_67_10.bin,2,True,2,17,4.947616816812648e-08,0.0006799279999540886
67,mat_67.txt,mat_67.mtx,rhs_67_10.bin,3,True,2,12,1.0290738871505322e-07,0.0007993609997356543
67,mat_67.txt,mat_67.mtx,rhs_67_11.bin,0,True,2,30,4.613667044222763e-08,0.0006505239998659818
67,mat_67.txt,mat_67.mtx,rhs_67_11.bin,1,True,2,24,2.857413560932907e-08,0.0006686839997200877
67,mat_67.txt,mat_67.mtx,rhs_67_11.bin,2,True,2,17,3.1575527535037694e-08,0.0006858649994683219
67,mat_67.txt,mat_67.mtx,rhs_67_11.bin,3,True,2,12,8.332938368886157e-08,0.0008133999999699881
67,mat_67.txt,mat_67.mtx,rhs_67_12.bin,0,True,2,31,2.661630651633208e-08,0.0006607920004171319
67,mat_67.txt,mat_67.mtx,rhs_67_12.bin,1,True,2,24,4.734161405773422e-08,0.000676157000270905
67,mat_67.txt,mat_67.mtx,rhs_67_12.bin,2,True,2,16,1.2989686127971213e-07,0.0006496859996332205
67,mat_67.txt,mat_67.mtx,rhs_67_12.bin,3,True,2,12,1.6185053002569914e-07,0.000820733000182372
67,mat_67.txt,mat_67.mtx,rhs_67_13.bin,0,True,2,30,1.5162346144133166e-08,0.0006558320001204265
67,mat_67.txt,mat_67.mtx,rhs_67_13.bin,1,True,2,25,5.72787949638327e-09,0.0006949449998501223
67,mat_67.txt,mat_67.mtx,rhs_67_13.bin,2,True,2,17,4.0450293666930614e-08,0.0006849569999758387
67,mat_67.txt,mat_67.mtx,rhs_67_13.bin,3,True,2,12,4.838282115197884e-08,0.0007974749996719765
68,mat_68.txt,mat_68.mtx,rhs_68_1.bin,0,True,2,30,5.395043485221982e-08,0.0008043890002227272
68,mat_68.txt,mat_68.mtx,rhs_68_1.bin,1,True,2,23,1.9889493208311445e-07,0.0006955039998501888
68,mat_68.txt,mat_68.mtx,rhs_68_1.bin,2,True,2,17,5.061478073900007e-08,0.0007337779998124461
68,mat_68.txt,mat_68.mtx,rhs_68_1.bin,3,True,2,12,7.044853551475676e-08,0.000842106000163767
68,mat_68.txt,mat_68.mtx,rhs_68_2.bin,0,True,2,30,3.9849602918826787e-08,0.0006774829998903442
68,mat_68.txt,mat_68.mtx,rhs_68_2.bin,1,True,2,24,3.140760411621283e-08,0.000689217000399367
68,mat_68.txt,mat_68.mtx,rhs_68_2.bin,2,True,2,17,2.2798784720501728e-08,0.0007101709998096339
68,mat_68.txt,mat_68.mtx,rhs_68_2.bin,3,True,2,11,1.930627828754463e-07,0.0008065550000537769
68,mat_68.txt,mat_68.mtx,rhs_68_3.bin,0,True,2,30,1.3183316508133184e-07,0.0006772750002710382
68,mat_68.txt,mat_68.mtx,rhs_68_3.bin,1,True,2,23,5.156350395263217e-07,0.0006724550003127661
68,mat_68.txt,mat_68.mtx,rhs_68_3.bin,2,True,2,17,1.0854474158640947e-07,0.0007138720002330956
68,mat_68.txt,mat_68.mtx,rhs_68_3.bin,3,True,2,11,1.0274777355549516e-06,0.0008127009996314882
68,mat_68.txt,mat_68.mtx,rhs_68_4.bin,0,True,2,30,3.026519623173625e-08,0.0006788110003981274
68,mat_68.txt,mat_68.mtx,rhs_68_4.bin,1,True,2,24,2.6641517732921998e-08,0.0007768719997329754
68,mat_68.txt,mat_68.mtx,rhs_68_4.bin,2,True,2,16,2.4408296305643327e-08,0.0006739219998053159
68,mat_68.txt,mat_68.mtx,rhs_68_4.bin,3,True,2,12,7.0765001303058576e-09,0.0008289749994219164
68,mat_68.txt,mat_68.mtx,rhs_68_5.bin,0,True,2,30,8.770569291663704e-08,0.0006823029998486163
68,mat_68.txt,mat_68.mtx,rhs_68_5.bin,1,True,2,24,7.762888816780836e-08,0.0006991350001044339
68,mat_68.txt,mat_68.mtx,rhs_68_5.bin,2,True,2,17,3.998518313483797e-08,0.0007173640005930793
68,mat_68.txt,mat_68.mtx,rhs_68_5.bin,3,True,2,12,3.7519202215455746e-08,0.0008305809997182223
68,mat_68.txt,mat_68.mtx,rhs_68_6.bin,0,True,2,30,1.15519213433153e-07,0.0006787410002289107
68,mat_68.txt,mat_68.mtx,rhs_68_6.bin,1,True,2,24,8.806399482896229e-08,0.0006962009993003448
68,mat_68.txt,mat_68.mtx,rhs_68_6.bin,2,True,2,17,6.598693943796065e-08,0.0007031869999991613
68,mat_68.txt,mat_68.mtx,rhs_68_6.bin,3,True,2,12,6.210009927332844e-08,0.0008182880001186277
68,mat_68.txt,mat_68.mtx,rhs_68_7.bin,0,True,2,29,2.4418692144136215e-07,0.0006556230000569485
68,mat_68.txt,mat_68.mtx,rhs_68_7.bin,1,True,2,23,2.9585892145670334e-07,0.000687890999870433
68,mat_68.txt,mat_68.mtx,rhs_68_7.bin,2,True,2,17,6.674500871678021e-08,0.0007212759992398787
68,mat_68.txt,mat_68.mtx,rhs_68_7.bin,3,True,2,12,1.0595911607837348e-07,0.0009606300000086776
68,mat_68.txt,mat_68.mtx,rhs_68_8.bin,0,True,2,30,6.660837368155077e-08,0.0008040409993554931
68,mat_68.txt,mat_68.mtx,rhs_68_8.bin,1,True,2,24,7.039245919712439e-08,0.0007364319999396685
68,mat_68.txt,mat_68.mtx,rhs_68_8.bin,2,True,2,17,4.443664789352021e-08,0.0007113579995348118
68,mat_68.txt,mat_68.mtx,rhs_68_8.bin,3,True,2,12,3.2169896023979353e-08,0.000823946000309661
68,mat_68.txt,mat_68.mtx,rhs_68_9.bin,0,True,2,30,3.523775726885359e-08,0.0006839790003141388
68,mat_68.txt,mat_68.mtx,rhs_68_9.bin,1,True,2,24,3.9100681092606464e-08,0.0007013710001047002
68,mat_68.txt,mat_68.mtx,rhs_68_9.bin,2,True,2,17,2.1666846495465075e-08,0.0007124049998310511
68,mat_68.txt,mat_68.mtx,rhs_68_9.bin,3,True,2,12,1.9185674112602385e-08,0.0008386130002691061
68,mat_68.txt,mat_68.mtx,rhs_68_10.bin,0,True,2,30,1.9893578338026997e-07,0.0006766460001017549
68,mat_68.txt,mat_68.mtx,rhs_68_10.bin,1,True,2,24,1.467524296736444e-07,0.0006872619997011498
68,mat_68.txt,mat_68.mtx,rhs_68_10.bin,2,True,2,17,1.496262963614372e-07,0.0007031859995549894
68,mat_68.txt,mat_68.mtx,rhs_68_10.bin,3,True,2,12,2.0431085580040046e-07,0.0008135390007737442
68,mat_68.txt,mat_68.mtx,rhs_68_11.bin,0,True,2,30,5.474831437262536e-08,0.0006805569992138771
68,mat_68.txt,mat_68.mtx,rhs_68_11.bin,1,True,2,24,3.462775763147942e-08,0.0006950150000193389
68,mat_68.txt,mat_68.mtx,rhs_68_11.bin,2,True,2,17,5.8036063231421645e-08,0.0007027669998933561
68,mat_68.txt,mat_68.mtx,rhs_68_11.bin,3,True,2,12,5.4490434040275106e-08,0.0008234570004788111
68,mat_68.txt,mat_68.mtx,rhs_68_12.bin,0,True,2,30,4.387396460344272e-08,0.0006688230005238438
68,mat_68.txt,mat_68.mtx,rhs_68_12.bin,1,True,2,24,4.319870625888777e-08,0.0007068879995131283
68,mat_68.txt,mat_68.mtx,rhs_68_12.bin,2,True,2,17,4.049976321857383e-08,0.0007121270000425284
68,mat_68.txt,mat_68.mtx,rhs_68_12.bin,3,True,2,12,3.0174736601735514e-08,0.0008275080008388613
68,mat_68.txt,mat_68.mtx,rhs_68_13.bin,0,True,2,30,1.9872283012992895e-08,0.0006691730004604324
68,mat_68.txt,mat_68.mtx,rhs_68_13.bin,1,True,2,24,3.164282365744506e-08,0.0006994850000410224
68,mat_68.txt,mat_68.mtx,rhs_68_13.bin,2,True,2,17,1.572726874695162e-08,0.0007072369999150396
68,mat_68.txt,mat_68.mtx,rhs_68_13.bin,3,True,2,12,3.591302505996186e-08,0.0008246439992944943
68,mat_68.txt,mat_68.mtx,rhs_68_14.bin,0,True,2,30,7.221112505208795e-08,0.0006780430003345828
68,mat_68.txt,mat_68.mtx,rhs_68_14.bin,1,True,2,23,3.2571892534180193e-07,0.0006626770000366378
68,mat_68.txt,mat_68.mtx,rhs_68_14.bin,2,True,2,16,5.858921627150815e-07,0.0006719659995724214
68,mat_68.txt,mat_68.mtx,rhs_68_14.bin,3,True,2,11,9.292962703287759e-07,0.0007955199998832541
68,mat_68.txt,mat_68.mtx,rhs_68_15.bin,0,True,2,29,1.1755818968013433e-07,0.0006443779993787757
68,mat_68.txt,mat_68.mtx,rhs_68_15.bin,1,True,2,23,1.3197448479347802e-07,0.0006721749996358994
68,mat_68.txt,mat_68.mtx,rhs_68_15.bin,2,True,2,17,4.8638352337474385e-08,0.0007122659999367897
68,mat_68.txt,mat_68.mtx,rhs_68_15.bin,3,True,2,12,7.613756356056069e-08,0.0008154949991876492
68,mat_68.txt,mat_68.mtx,rhs_68_16.bin,0,True,2,30,6.510175424386059e-08,0.0006755280001016217
68,mat_68.txt,mat_68.mtx,rhs_68_16.bin,1,True,2,24,7.735939655332055e-08,0.0006994149998718058
68,mat_68.txt,mat_68.mtx,rhs_68_16.bin,2,True,2,17,8.403489289789826e-08,0.0007174350002969732
68,mat_68.txt,mat_68.mtx,rhs_68_16.bin,3,True,2,12,1.4905677814989884e-07,0.0008279969997602166
69,mat_69.txt,mat_69.mtx,rhs_69_1.bin,0,True,2,30,7.117297159052915e-08,0.0007983830000739545
69,mat_69.txt,mat_69.mtx,rhs_69_1.bin,1,True,2,23,2.8128221388492525e-07,0.0006982269997024559
69,mat_69.txt,mat_69.mtx,rhs_69_1.bin,2,True,2,17,6.833004639534724e-08,0.0007284000002982793
69,mat_69.txt,mat_69.mtx,rhs_69_1.bin,3,True,2,11,9.294514866632698e-07,0.000829883000733389
69,mat_69.txt,mat_69.mtx,rhs_69_2.bin,0,True,2,30,4.004473415064714e-08,0.0006728050002493546
69,mat_69.txt,mat_69.mtx,rhs_69_2.bin,1,True,2,24,3.014927666853823e-08,0.0006943860007595504
69,mat_69.txt,mat_69.mtx,rhs_69_2.bin,2,True,2,17,2.2262540194356432e-08,0.0007110780006769346
69,mat_69.txt,mat_69.mtx,rhs_69_2.bin,3,True,2,11,1.7250022250058866e-07,0.0008080210000116494
69,mat_69.txt,mat_69.mtx,rhs_69_3.bin,0,True,2,30,1.0358150982680162e-07,0.0006818150004619383
69,mat_69.txt,mat_69.mtx,rhs_69_3.bin,1,True,2,24,5.6813462761313334e-08,0.0006915929998285719
69,mat_69.txt,mat_69.mtx,rhs_69_3.bin,2,True,2,17,7.401892607289526e-08,0.0007123360001060064
69,mat_69.txt,mat_69.mtx,rhs_69_3.bin,3,True,2,12,6.902675657567905e-08,0.0008388229998672614
69,mat_69.txt,mat_69.mtx,rhs_69_4.bin,0,True,2,30,2.8756692733079334e-08,0.0007340570000451407
69,mat_69.txt,mat_69.mtx,rhs_69_4.bin,1,True,2,24,2.3031305611714496e-08,0.0007044430003588786
69,mat_69.txt,mat_69.mtx,rhs_69_4.bin,2,True,2,17,2.2514131718681794e-08,0.0007014399998297449
69,mat_69.txt,mat_69.mtx,rhs_69_4.bin,3,True,2,12,3.0640124184273945e-08,0.0008319780008605449
69,mat_69.txt,mat_69.mtx,rhs_69_5.bin,0,True,2,30,1.9449897955871826e-07,0.000678461999996216
69,mat_69.txt,mat_69.mtx,rhs_69_5.bin,1,True,2,24,1.2097806360322068e-07,0.0006959929996810388
69,mat_69.txt,mat_69.mtx,rhs_69_5.bin,2,True,2,17,1.1982006906569152e-07,0.0007120559994291398
69,mat_69.txt,mat_69.mtx,rhs_69_5.bin,3,True,2,12,1.1435498494139906e-07,0.000869902999511396
69,mat_69.txt,mat_69.mtx,rhs_69_6.bin,0,True,2,30,1.1222166054841659e-07,0.000694037000357639
69,mat_69.txt,mat_69.mtx,rhs_69_6.bin,1,True,2,24,7.177865542400258e-08,0.0006903349994900054
69,mat_69.txt,mat_69.mtx,rhs_69_6.bin,2,True,2,17,6.631070024416627e-08,0.0007035349999569007
69,mat_69.txt,mat_69.mtx,rhs_69_6.bin,3,True,2,12,7.740292460541265e-08,0.0008194069996534381
69,mat_69.txt,mat_69.mtx,rhs_69_7.bin,0,True,2,29,2.3074369780862175e-08,0.0006464739999501035
69,mat_69.txt,mat_69.mtx,rhs_69_7.bin,1,True,2,24,2.008862613147913e-08,0.0007209269997474621
69,mat_69.txt,mat_69.mtx,rhs_69_7.bin,2,True,2,16,3.6211490866153693e-08,0.0006759479992979323
69,mat_69.txt,mat_69.mtx,rhs_69_7.bin,3,True,2,12,1.603373742364874e-08,0.0008266699996966054
69,mat_69.txt,mat_69.mtx,rhs_69_8.bin,0,True,2,30,1.3659850113747735e-07,0.0006724550003127661
69,mat_69.txt,mat_69.mtx,rhs_69_8.bin,1,True,2,24,9.43415559558682e-08,0.0006946659996174276
69,mat_69.txt,mat_69.mtx,rhs_69_8.bin,2,True,2,17,9.79314374864734e-08,0.0007075170005919063
69,mat_69.txt,mat_69.mtx,rhs_69_8.bin,3,True,2,12,1.316609468116516e-07,0.0008230379999076831
69,mat_69.txt,mat_69.mtx,rhs_69_9.bin,0,True,2,30,1.0972900281679449e-07,0.0006742709992977325
69,mat_69.txt,mat_69.mtx,rhs_69_9.bin,1,True,2,24,8.333569940685121e-08,0.0007033259998934227
69,mat_69.txt,mat_69.mtx,rhs_69_9.bin,2,True,2,17,9.53663749989488e-08,0.0007097509997038287
69,mat_69.txt,mat_69.mtx,rhs_69_9.bin,3,True,2,12,1.0869645005607839e-07,0.0008341430002474226
69,mat_69.txt,mat_69.mtx,rhs_69_10.bin,0,True,2,30,8.597094961532379e-08,0.0006673570005659712
69,mat_69.txt,mat_69.mtx,rhs_69_10.bin,1,True,2,24,5.432330792396894e-08,0.0006832109993410995
69,mat_69.txt,mat_69.mtx,rhs_69_10.bin,2,True,2,17,5.524525009308881e-08,0.0006921510002939613
69,mat_69.txt,mat_69.mtx,rhs_69_10.bin,3,True,2,12,5.949672828923661e-08,0.0008097669997368939
69,mat_69.txt,mat_69.mtx,rhs_69_11.bin,0,True,2,30,2.7232685085836193e-08,0.0006624679999731597
69,mat_69.txt,mat_69.mtx,rhs_69_11.bin,1,True,2,24,2.9802200531567886e-08,0.0006799980001233052
69,mat_69.txt,mat_69.mtx,rhs_69_11.bin,2,True,2,17,3.048222687738538e-08,0.0006988559998717392
69,mat_69.txt,mat_69.mtx,rhs_69_11.bin,3,True,2,12,5.3081437622039524e-08,0.0008124920004775049
69,mat_69.txt,mat_69.mtx,rhs_69_12.bin,0,True,2,30,6.015295824662062e-08,0.0006656800005657715
69,mat_69.txt,mat_69.mtx,rhs_69_12.bin,1,True,2,24,3.326696148270954e-08,0.0007020689999990282
69,mat_69.txt,mat_69.mtx,rhs_69_12.bin,2,True,2,17,4.011233898917979e-08,0.0007070270003168844
69,mat_69.txt,mat_69.mtx,rhs_69_12.bin,3,True,2,12,5.508487855256076e-08,0.0008166830002664938
69,mat_69.txt,mat_69.mtx,rhs_69_13.bin,0,True,2,30,6.827574539098199e-08,0.0006742710002072272
69,mat_69.txt,mat_69.mtx,rhs_69_13.bin,1,True,2,23,1.7385356745648028e-07,0.000672944000143616
69,mat_69.txt,mat_69.mtx,rhs_69_13.bin,2,True,2,17,6.200260258651525e-08,0.0006990659994698945
69,mat_69.txt,mat_69.mtx,rhs_69_13.bin,3,True,2,12,8.606772380836253e-08,0.0008161929999914719
69,mat_69.txt,mat_69.mtx,rhs_69_14.bin,0,True,2,30,4.5963585650185644e-08,0.0006730830000378774
69,mat_69.txt,mat_69.mtx,rhs_69_14.bin,1,True,2,23,6.290520124461306e-08,0.00066051200064976
69,mat_69.txt,mat_69.mtx,rhs_69_14.bin,2,True,2,16,2.667876817925636e-07,0.0006413740002244595
69,mat_69.txt,mat_69.mtx,rhs_69_14.bin,3,True,2,11,6.378059733253514e-07,0.0007712839997111587
69,mat_69.txt,mat_69.mtx,rhs_69_15.bin,0,True,2,30,3.8525372108965404e-08,0.0006424929997592699
69,mat_69.txt,mat_69.mtx,rhs_69_15.bin,1,True,2,23,1.2698700561665766e-07,0.0006419339997592033
69,mat_69.txt,mat_69.mtx,rhs_69_15.bin,2,True,2,16,2.3686718386347338e-07,0.0006436089997805539
69,mat_69.txt,mat_69.mtx,rhs_69_15.bin,3,True,2,11,5.124542748235977e-07,0.0008068339993769769
69,mat_69.txt,mat_69.mtx,rhs_69_16.bin,0,True,2,30,1.3270195153713011e-07,0.0006489179995696759
69,mat_69.txt,mat_69.mtx,rhs_69_16.bin,1,True,2,24,1.191153039091611e-07,0.0006781819993193494
69,mat_69.txt,mat_69.mtx,rhs_69_16.bin,2,True,2,17,7.095399970124424e-08,0.0007001130006756284
69,mat_69.txt,mat_69.mtx,rhs_69_16.bin,3,True,2,12,1.7026388342575766e-07,0.000823806999505905
69,mat_69.txt,mat_69.mtx,rhs_69_17.bin,0,True,2,30,5.7813153958773595e-08,0.0006491969998023706
69,mat_69.txt,mat_69.mtx,rhs_69_17.bin,1,True,2,23,1.4833607624436543e-07,0.0006655409997620154
69,mat_69.txt,mat_69.mtx,rhs_69_17.bin,2,True,2,16,3.220376485099091e-07,0.000669521999952849
69,mat_69.txt,mat_69.mtx,rhs_69_17.bin,3,True,2,11,7.38072578590555e-07,0.0008089299999483046
69,mat_69.txt,mat_69.mtx,rhs_69_18.bin,0,True,2,30,4.702273988111621e-08,0.0006677760002276045
69,mat_69.txt,mat_69.mtx,rhs_69_18.bin,1,True,2,24,4.8136027704769383e-08,0.000688588999764761
69,mat_69.txt,mat_69.mtx,rhs_69_18.bin,2,True,2,17,3.918020858610901e-08,0.0007037459999992279
69,mat_69.txt,mat_69.mtx,rhs_69_18.bin,3,True,2,12,1.0433376717509136e-07,0.0008195460004571942
69,mat_69.txt,mat_69.mtx,rhs_69_19.bin,0,True,2,29,2.1430342101608884e-07,0.0006426319996535312
69,mat_69.txt,mat_69.mtx,rhs_69_19.bin,1,True,2,24,1.0763487920160591e-07,0.0006906850003360887
69,mat_69.txt,mat_69.mtx,rhs_69_19.bin,2,True,2,16,8.768476148417414e-07,0.0006635850004386157
69,mat_69.txt,mat_69.mtx,rhs_69_19.bin,3,True,2,12,2.467281007064025e-07,0.0008148659999278607
69,mat_69.txt,mat_69.mtx,rhs_69_20.bin,0,True,2,30,6.831967066930886e-08,0.0006792300000597606
69,mat_69.txt,mat_69.mtx,rhs_69_20.bin,1,True,2,24,6.227443731804956e-08,0.0006838400004198775
69,mat_69.txt,mat_69.mtx,rhs_69_20.bin,2,True,2,17,2.6092512492620374e-08,0.0007097520001480007
69,mat_69.txt,mat_69.mtx,rhs_69_20.bin,3,True,2,12,1.2256986114355103e-07,0.0008175200000550831
76,mat_76.txt,mat_76.mtx,rhs_76_1.bin,0,True,2,38,3.6167064013288376e-09,0.0009463819997108658
76,mat_76.txt,mat_76.mtx,rhs_76_1.bin,1,True,2,28,2.4012620192381583e-09,0.0008221299995057052
76,mat_76.txt,mat_76.mtx,rhs_76_1.bin,2,True,2,18,1.6936392734109885e-09,0.0007480959993699798
76,mat_76.txt,mat_76.mtx,rhs_76_1.bin,3,True,2,12,1.0716254670703675e-08,0.0008568430002924288
76,mat_76.txt,mat_76.mtx,rhs_76_2.bin,0,True,2,43,1.2229641681130947e-08,0.000818217999949411
76,mat_76.txt,mat_76.mtx,rhs_76_2.bin,1,True,2,27,9.953690563922354e-09,0.0007676519999222364
76,mat_76.txt,mat_76.mtx,rhs_76_2.bin,2,True,2,18,8.95712204421823e-09,0.0007318919997487683
76,mat_76.txt,mat_76.mtx,rhs_76_2.bin,3,True,2,12,1.5778173039488768e-08,0.0008339340001839446
76,mat_76.txt,mat_76.mtx,rhs_76_3.bin,0,True,2,44,4.602454987520392e-07,0.0008511850001013954
76,mat_76.txt,mat_76.mtx,rhs_76_3.bin,1,True,2,27,5.780791179511468e-07,0.0008083710008577327
76,mat_76.txt,mat_76.mtx,rhs_76_3.bin,2,True,2,18,4.796863525800617e-07,0.0007255370001075789
76,mat_76.txt,mat_76.mtx,rhs_76_3.bin,3,True,2,12,5.905927541873634e-07,0.0008305809997182223
76,mat_76.txt,mat_76.mtx,rhs_76_4.bin,0,True,2,44,5.780211238493522e-07,0.0008140979998643161
76,mat_76.txt,mat_76.mtx,rhs_76_4.bin,1,True,2,27,4.452485511113314e-07,0.0007459309999831021
76,mat_76.txt,mat_76.mtx,rhs_76_4.bin,2,True,2,18,6.662673256849473e-07,0.0007068180002534064
76,mat_76.txt,mat_76.mtx,rhs_76_4.bin,3,True,2,12,1.3051418238927674e-06,0.0008050880005612271
76,mat_76.txt,mat_76.mtx,rhs_76_5.bin,0,True,2,37,1.0493562668481796e-07,0.0007524960001319414
76,mat_76.txt,mat_76.mtx,rhs_76_5.bin,1,True,2,28,4.92024873250052e-08,0.0007998499995665043
76,mat_76.txt,mat_76.mtx,rhs_76_5.bin,2,True,2,18,1.3664520412130276e-07,0.0007336380003835075
76,mat_76.txt,mat_76.mtx,rhs_76_5.bin,3,True,2,13,4.266231184102461e-08,0.0008497190001435229
76,mat_76.txt,mat_76.mtx,rhs_76_6.bin,0,True,2,45,4.1645000567733563e-07,0.0008486709994031116
76,mat_76.txt,mat_76.mtx,rhs_76_6.bin,1,True,2,28,1.334425990781873e-07,0.0007965679997141706
76,mat_76.txt,mat_76.mtx,rhs_76_6.bin,2,True,2,18,3.967173577504194e-07,0.0007274220006365795
76,mat_76.txt,mat_76.mtx,rhs_76_6.bin,3,True,2,12,1.0226696252473624e-06,0.0008251330000348389
76,mat_76.txt,mat_76.mtx,rhs_76_7.bin,0,True,2,38,9.740631385857056e-08,0.0007681409997530864
76,mat_76.txt,mat_76.mtx,rhs_76_7.bin,1,True,2,28,3.515974229518415e-08,0.0008055079997575376
76,mat_76.txt,mat_76.mtx,rhs_76_7.bin,2,True,2,18,1.1157589329407613e-07,0.0007268629997270182
76,mat_76.txt,mat_76.mtx,rhs_76_7.bin,3,True,2,13,6.157555293534097e-08,0.0008364479999727337
76,mat_76.txt,mat_76.mtx,rhs_76_8.bin,0,True,2,46,2.337527241474448e-07,0.0008328170006279834
76,mat_76.txt,mat_76.mtx,rhs_76_8.bin,1,True,2,28,1.3406696525266382e-07,0.0007879069999034982
76,mat_76.txt,mat_76.mtx,rhs_76_8.bin,2,True,2,18,1.612447450372943e-07,0.0007047929993859725
76,mat_76.txt,mat_76.mtx,rhs_76_8.bin,3,True,2,12,3.7137681971045347e-07,0.0008284850000563893
76,mat_76.txt,mat_76.mtx,rhs_76_9.bin,0,True,2,44,4.511563321456385e-07,0.0008327470004587667
76,mat_76.txt,mat_76.mtx,rhs_76_9.bin,1,True,2,27,3.5303797207259823e-07,0.0007683510002607363
76,mat_76.txt,mat_76.mtx,rhs_76_9.bin,2,True,2,18,7.280608615839578e-07,0.0007232309999380959
76,mat_76.txt,mat_76.mtx,rhs_76_9.bin,3,True,2,12,1.746663203656054e-06,0.0008206630000131554
76,mat_76.txt,mat_76.mtx,rhs_76_10.bin,0,True,2,39,3.3324042921994127e-07,0.0007589220003865194
76,mat_76.txt,mat_76.mtx,rhs_76_10.bin,1,True,2,27,2.879848307287157e-07,0.0007583630003864528
76,mat_76.txt,mat_76.mtx,rhs_76_10.bin,2,True,2,18,1.7647154344466027e-07,0.0007214859997475287
76,mat_76.txt,mat_76.mtx,rhs_76_10.bin,3,True,2,12,1.1404034034981323e-06,0.0008131899994623382
76,mat_76.txt,mat_76.mtx,rhs_76_11.bin,0,True,2,45,2.435380548933593e-07,0.0008441310001217062
76,mat_76.txt,mat_76.mtx,rhs_76_11.bin,1,True,2,28,1.760210495168038e-07,0.0007978939993336098
76,mat_76.txt,mat_76.mtx,rhs_76_11.bin,2,True,2,18,4.5151729008428425e-07,0.0007263050001711235
76,mat_76.txt,mat_76.mtx,rhs_76_11.bin,3,True,2,13,6.482691570609515e-08,0.0008379850005439948
76,mat_76.txt,mat_76.mtx,rhs_76_12.bin,0,True,2,37,2.7190343309481285e-07,0.0007453019998138188
76,mat_76.txt,mat_76.mtx,rhs_76_12.bin,1,True,2,28,1.2607308293285057e-07,0.0007974750005814712
76,mat_76.txt,mat_76.mtx,rhs_76_12.bin,2,True,2,18,3.28963351978476e-07,0.0007293079997907626
76,mat_76.txt,mat_76.mtx,rhs_76_12.bin,3,True,2,12,1.0450706849758886e-06,0.0008169610000550165
76,mat_76.txt,mat_76.mtx,rhs_76_13.bin,0,True,2,39,2.1811115505468103e-07,0.0007401340008073021
76,mat_76.txt,mat_76.mtx,rhs_76_13.bin,1,True,2,28,7.489940600540836e-08,0.0007951010002216208
76,mat_76.txt,mat_76.mtx,rhs_76_13.bin,2,True,2,18,3.8174376530979465e-07,0.0007010210001681116
76,mat_76.txt,mat_76.mtx,rhs_76_13.bin,3,True,2,13,9.780283480302084e-08,0.0008255519996964722
76,mat_76.txt,mat_76.mtx,rhs_76_14.bin,0,True,2,43,1.0489338446422555e-07,0.0008188470001186943
76,mat_76.txt,mat_76.mtx,rhs_76_14.bin,1,True,2,28,3.979477935829581e-08,0.0007818300000508316
76,mat_76.txt,mat_76.mtx,rhs_76_14.bin,2,True,2,18,1.0114366093357537e-07,0.0007207170001493068
76,mat_76.txt,mat_76.mtx,rhs_76_14.bin,3,True,2,12,5.35845586116813e-07,0.0008174509994205437
76,mat_76.txt,mat_76.mtx,rhs_76_15.bin,0,True,2,39,1.8929798914622673e-07,0.0007784780000292812
76,mat_76.txt,mat_76.mtx,rhs_76_15.bin,1,True,2,27,2.2171177501744975e-07,0.0007669530004932312
76,mat_76.txt,mat_76.mtx,rhs_76_15.bin,2,True,2,18,1.3790695876539316e-07,0.0007278410002982127
76,mat_76.txt,mat_76.mtx,rhs_76_15.bin,3,True,2,12,8.406194762022794e-07,0.0008218499997383333
76,mat_76.txt,mat_76.mtx,rhs_76_16.bin,0,True,2,39,2.722729084365846e-07,0.0007717729995420086
76,mat_76.txt,mat_76.mtx,rhs_76_16.bin,1,True,2,27,3.2120750770889427e-07,0.0007750559998385143
76,mat_76.txt,mat_76.mtx,rhs_76_16.bin,2,True,2,18,2.989354041996824e-07,0.0007191810000222176
76,mat_76.txt,mat_76.mtx,rhs_76_16.bin,3,True,2,12,1.2792857392491971e-06,0.000817798999378283
76,mat_76.txt,mat_76.mtx,rhs_76_17.bin,0,True,2,38,1.6621311683820118e-07,0.0007879069999034982
76,mat_76.txt,mat_76.mtx,rhs_76_17.bin,1,True,2,28,1.7671599029150326e-07,0.0007692589997532195
76,mat_76.txt,mat_76.mtx,rhs_76_17.bin,2,True,2,18,4.2288834553296226e-07,0.0007093320000421954
76,mat_76.txt,mat_76.mtx,rhs_76_17.bin,3,True,2,12,9.135534236015227e-07,0.0008160540000972105
76,mat_76.txt,mat_76.mtx,rhs_76_18.bin,0,True,2,39,2.570795994625774e-07,0.0007402729997920687
76,mat_76.txt,mat_76.mtx,rhs_76_18.bin,1,True,2,28,1.542338769880393e-07,0.0007622740004080697
76,mat_76.txt,mat_76.mtx,rhs_76_18.bin,2,True,2,18,2.011288108440226e-07,0.000700881000739173
76,mat_76.txt,mat_76.mtx,rhs_76_18.bin,3,True,2,12,6.719488704369444e-07,0.000799641000412521
76,mat_76.txt,mat_76.mtx,rhs_76_19.bin,0,True,2,39,1.6486301451210263e-07,0.0007739379998383811
76,mat_76.txt,mat_76.mtx,rhs_76_19.bin,1,True,2,28,1.1942512263758657e-07,0.0007880459997977596
76,mat_76.txt,mat_76.mtx,rhs_76_19.bin,2,True,2,18,2.446082987063656e-07,0.0007256760000018403
76,mat_76.txt,mat_76.mtx,rhs_76_19.bin,3,True,2,12,5.61796663870242e-07,0.0008233869994000997
89,mat_89.txt,mat_89.mtx,rhs_89_1.bin,0,True,2,58,5.963579148959793e-09,0.0012511800005086116
89,mat_89.txt,mat_89.mtx,rhs_89_1.bin,1,True,2,30,5.418798696535273e-09,0.0008634079995317734
89,mat_89.txt,mat_89.mtx,rhs_89_1.bin,2,True,2,19,8.930865929693027e-09,0.0007600389999424806
89,mat_89.txt,mat_89.mtx,rhs_89_1.bin,3,True,2,13,1.7192140931475744e-08,0.0008525819994247286
89,mat_89.txt,mat_89.mtx,rhs_89_2.bin,0,True,2,58,1.7747893838649442e-08,0.0010813199996846379
89,mat_89.txt,mat_89.mtx,rhs_89_2.bin,1,True,2,30,1.739869566342229e-08,0.0008365169996977784
89,mat_89.txt,mat_89.mtx,rhs_89_2.bin,2,True,2,19,1.6582600822043833e-08,0.0007521469997300301
89,mat_89.txt,mat_89.mtx,rhs_89_2.bin,3,True,2,13,4.3858952417853364e-08,0.0008414069998252671
89,mat_89.txt,mat_89.mtx,rhs_89_3.bin,0,True,2,58,3.617909897419703e-08,0.001093681999918772
89,mat_89.txt,mat_89.mtx,rhs_89_3.bin,1,True,2,30,1.5780536744416588e-08,0.000910551999368181
89,mat_89.txt,mat_89.mtx,rhs_89_3.bin,2,True,2,19,3.165407657120746e-08,0.0007418789991788799
89,mat_89.txt,mat_89.mtx,rhs_89_3.bin,3,True,2,13,6.141715086971881e-08,0.0008310700004585669
89,mat_89.txt,mat_89.mtx,rhs_89_4.bin,0,True,2,57,6.822549083440417e-08,0.0010618330006764154
89,mat_89.txt,mat_89.mtx,rhs_89_4.bin,1,True,2,29,9.640605307001073e-08,0.000811793000139005
89,mat_89.txt,mat_89.mtx,rhs_89_4.bin,2,True,2,19,8.839580662774201e-08,0.0007463499996447354
89,mat_89.txt,mat_89.mtx,rhs_89_4.bin,3,True,2,13,1.5749123007986304e-07,0.0008642459997645346
89,mat_89.txt,mat_89.mtx,rhs_89_5.bin,0,True,2,58,5.11488204606422e-08,0.001121688999774051
89,mat_89.txt,mat_89.mtx,rhs_89_5.bin,1,True,2,30,4.489001682485337e-08,0.0008351910000783391
89,mat_89.txt,mat_89.mtx,rhs_89_5.bin,2,True,2,19,1.1589861552978019e-07,0.0007260250004037516
89,mat_89.txt,mat_89.mtx,rhs_89_5.bin,3,True,2,13,1.9862577236494172e-07,0.0008388229998672614
89,mat_89.txt,mat_89.mtx,rhs_89_6.bin,0,True,2,60,4.838277515487598e-08,0.0011372649996701512
89,mat_89.txt,mat_89.mtx,rhs_89_6.bin,1,True,2,29,9.834216895209531e-08,0.0008159840008374886
89,mat_89.txt,mat_89.mtx,rhs_89_6.bin,2,True,2,19,3.545583328099765e-08,0.0007422989992846851
89,mat_89.txt,mat_89.mtx,rhs_89_6.bin,3,True,2,13,2.1927802360324346e-07,0.0008419650002906565
89,mat_89.txt,mat_89.mtx,rhs_89_7.bin,0,True,2,60,1.0780211413509788e-07,0.0011471819998405408
89,mat_89.txt,mat_89.mtx,rhs_89_7.bin,1,True,2,30,7.36172317143446e-08,0.0008475530003124732
89,mat_89.txt,mat_89.mtx,rhs_89_7.bin,2,True,2,19,1.5701799423920987e-07,0.0007561279999208637
89,mat_89.txt,mat_89.mtx,rhs_89_7.bin,3,True,2,13,4.0172869770811925e-07,0.0008570520003559068
89,mat_89.txt,mat_89.mtx,rhs_89_8.bin,0,True,2,60,8.482212389678888e-08,0.0011346809997121454
89,mat_89.txt,mat_89.mtx,rhs_89_8.bin,1,True,2,30,1.0388343391148665e-07,0.0008363090000784723
89,mat_89.txt,mat_89.mtx,rhs_89_8.bin,2,True,2,19,1.3259300940976392e-07,0.0007230219998746179
89,mat_89.txt,mat_89.mtx,rhs_89_8.bin,3,True,2,13,5.524783061175539e-07,0.0008418959996561171
89,mat_89.txt,mat_89.mtx,rhs_89_9.bin,0,True,2,60,8.308900632903092e-08,0.0011575190001167357
89,mat_89.txt,mat_89.mtx,rhs_89_9.bin,1,True,2,29,1.3613847745993583e-07,0.0008008280001376988
89,mat_89.txt,mat_89.mtx,rhs_89_9.bin,2,True,2,19,2.155261363854177e-07,0.0007382479998341296
89,mat_89.txt,mat_89.mtx,rhs_89_9.bin,3,True,2,13,6.815941299188405e-07,0.0008384040002056281
89,mat_89.txt,mat_89.mtx,rhs_89_10.bin,0,True,2,58,1.067251337028659e-07,0.0010800629997902433
89,mat_89.txt,mat_89.mtx,rhs_89_10.bin,1,True,2,30,6.229541218499078e-08,0.0008343529998455779
89,mat_89.txt,mat_89.mtx,rhs_89_10.bin,2,True,2,19,1.6423963360773077e-07,0.0007474669992006966
89,mat_89.txt,mat_89.mtx,rhs_89_10.bin,3,True,2,13,2.6668011207696484e-07,0.0008541890001652064
89,mat_89.txt,mat_89.mtx,rhs_89_11.bin,0,True,2,58,8.889660022204731e-08,0.0010756619994936045
89,mat_89.txt,mat_89.mtx,rhs_89_11.bin,1,True,2,30,1.261115093423557e-07,0.0008442709995506448
89,mat_89.txt,mat_89.mtx,rhs_89_11.bin,2,True,2,20,3.161668756061253e-08,0.0007742870002402924
89,mat_89.txt,mat_89.mtx,rhs_89_11.bin,3,True,2,13,2.4683864930475444e-07,0.0008329560005222447
96,mat_96.txt,mat_96.mtx,rhs_96_1.bin,0,True,2,60,1.3852786615060677e-08,0.001263263000510051
96,mat_96.txt,mat_96.mtx,rhs_96_1.bin,1,True,2,29,7.140496519582721e-09,0.0008585189998484566
96,mat_96.txt,mat_96.mtx,rhs_96_1.bin,2,True,2,19,2.0513964576697154e-08,0.0007615750000695698
96,mat_96.txt,mat_96.mtx,rhs_96_1.bin,3,True,2,13,4.136553398561832e-08,0.0008704609999767854
96,mat_96.txt,mat_96.mtx,rhs_96_2.bin,0,True,2,53,4.850056438679775e-08,0.0009964600003513624
96,mat_96.txt,mat_96.mtx,rhs_96_2.bin,1,True,2,28,4.251700442881411e-08,0.0007923769999251817
96,mat_96.txt,mat_96.mtx,rhs_96_2.bin,2,True,2,19,5.86812722073249e-08,0.0007928659997560317
96,mat_96.txt,mat_96.mtx,rhs_96_2.bin,3,True,2,13,5.045730010591331e-08,0.0008735349993003183
96,mat_96.txt,mat_96.mtx,rhs_96_3.bin,0,True,2,59,5.503712674032404e-08,0.0011146350007038563
96,mat_96.txt,mat_96.mtx,rhs_96_3.bin,1,True,2,28,1.039898215830057e-07,0.0007941930007291376
96,mat_96.txt,mat_96.mtx,rhs_96_3.bin,2,True,2,19,4.896489428841576e-08,0.0007464890004484914
96,mat_96.txt,mat_96.mtx,rhs_96_3.bin,3,True,2,13,1.7326572921273702e-07,0.0008553059997211676
96,mat_96.txt,mat_96.mtx,rhs_96_4.bin,0,True,2,59,5.8510073522067234e-08,0.0011142859993924503
96,mat_96.txt,mat_96.mtx,rhs_96_4.bin,1,True,2,28,9.284341525075664e-08,0.0007886749999670428
96,mat_96.txt,mat_96.mtx,rhs_96_4.bin,2,True,2,19,7.011859018496144e-08,0.0007439050004904857
96,mat_96.txt,mat_96.mtx,rhs_96_4.bin,3,True,2,13,1.280493673540911e-07,0.0008442009993814281
96,mat_96.txt,mat_96.mtx,rhs_96_5.bin,0,True,2,59,3.6147408674445515e-08,0.0011767269998017582
96,mat_96.txt,mat_96.mtx,rhs_96_5.bin,1,True,2,28,3.903303244972015e-08,0.0007879069999034982
96,mat_96.txt,mat_96.mtx,rhs_96_5.bin,2,True,2,19,3.229185079825131e-08,0.0007460699998773634
96,mat_96.txt,mat_96.mtx,rhs_96_5.bin,3,True,2,13,7.146214500298983e-08,0.0008408480007346952
96,mat_96.txt,mat_96.mtx,rhs_96_6.bin,0,True,2,60,4.331943055029258e-08,0.0011290929996903287
96,mat_96.txt,mat_96.mtx,rhs_96_6.bin,1,True,2,28,5.173344662939229e-08,0.0007822500001566368
96,mat_96.txt,mat_96.mtx,rhs_96_6.bin,2,True,2,19,4.329421911335433e-08,0.0007233709993670345
96,mat_96.txt,mat_96.mtx,rhs_96_6.bin,3,True,2,13,1.4487392257182195e-07,0.000842594999994617
96,mat_96.txt,mat_96.mtx,rhs_96_7.bin,0,True,2,58,4.912606199670204e-08,0.0010917969993897714
96,mat_96.txt,mat_96.mtx,rhs_96_7.bin,1,True,2,28,5.5222370457954486e-08,0.000793493999481143
96,mat_96.txt,mat_96.mtx,rhs_96_7.bin,2,True,2,18,1.0903569927828773e-07,0.000722742000107246
96,mat_96.txt,mat_96.mtx,rhs_96_7.bin,3,True,2,13,6.019946575260877e-08,0.0008390319999307394
96,mat_96.txt,mat_96.mtx,rhs_96_8.bin,0,True,2,59,5.144573079136463e-08,0.0011098860004494782
96,mat_96.txt,mat_96.mtx,rhs_96_8.bin,1,True,2,28,3.958265576817979e-08,0.0007768719997329754
96,mat_96.txt,mat_96.mtx,rhs_96_8.bin,2,True,2,19,2.3049987469661638e-08,0.0007182719991760678
96,mat_96.txt,mat_96.mtx,rhs_96_8.bin,3,True,2,13,9.089076900666137e-08,0.0008401490003961953
96,mat_96.txt,mat_96.mtx,rhs_96_9.bin,0,True,2,58,8.989149123366624e-08,0.001087466000171844
96,mat_96.txt,mat_96.mtx,rhs_96_9.bin,1,True,2,28,5.6575188726577665e-08,0.0007821099998182035
96,mat_96.txt,mat_96.mtx,rhs_96_9.bin,2,True,2,19,8.792800860607916e-08,0.0007416700000248966
96,mat_96.txt,mat_96.mtx,rhs_96_9.bin,3,True,2,13,7.578378509159258e-08,0.0008390319999307394
96,mat_96.txt,mat_96.mtx,rhs_96_10.bin,0,True,2,60,8.634819910495213e-08,0.0011313280001559178
96,mat_96.txt,mat_96.mtx,rhs_96_10.bin,1,True,2,28,9.04873090312678e-08,0.000787697000305343
96,mat_96.txt,mat_96.mtx,rhs_96_10.bin,2,True,2,19,8.932236501376598e-08,0.0007428569997500745
96,mat_96.txt,mat_96.mtx,rhs_96_10.bin,3,True,2,13,2.469933612648461e-07,0.0008442700000159675
96,mat_96.txt,mat_96.mtx,rhs_96_11.bin,0,True,2,57,1.4613720576616055e-07,0.001061764000041876
96,mat_96.txt,mat_96.mtx,rhs_96_11.bin,1,True,2,28,1.0131691852460029e-07,0.0007899319998614374
96,mat_96.txt,mat_96.mtx,rhs_96_11.bin,2,True,2,19,8.98389127614131e-08,0.0007205780002550455
96,mat_96.txt,mat_96.mtx,rhs_96_11.bin,3,True,2,13,2.940287658669233e-07,0.0008317680003528949
96,mat_96.txt,mat_96.mtx,rhs_96_12.bin,0,True,2,59,1.219896945488114e-07,0.0011022729995602276
96,mat_96.txt,mat_96.mtx,rhs_96_12.bin,1,True,2,28,8.428654302884718e-08,0.0007869289993323036
96,mat_96.txt,mat_96.mtx,rhs_96_12.bin,2,True,2,19,8.822607437420203e-08,0.0007373400003416464
96,mat_96.txt,mat_96.mtx,rhs_96_12.bin,3,True,2,13,1.7406478678287595e-07,0.0008471339997413452
98,mat_98.txt,mat_98.mtx,rhs_98_1.bin,0,True,2,56,1.1224204930486111e-08,0.0012163270002929494
98,mat_98.txt,mat_98.mtx,rhs_98_1.bin,1,True,2,27,6.318378221010668e-09,0.001050308999765548
98,mat_98.txt,mat_98.mtx,rhs_98_1.bin,2,True,2,19,5.86963173383679e-09,0.0008036910003283992
98,mat_98.txt,mat_98.mtx,rhs_98_1.bin,3,True,2,13,7.958095136939472e-09,0.0008800309997241129
98,mat_98.txt,mat_98.mtx,rhs_98_2.bin,0,True,2,55,4.1765886404292077e-08,0.0010455600004206644
98,mat_98.txt,mat_98.mtx,rhs_98_2.bin,1,True,2,26,6.818794310506339e-08,0.000746837999940908
98,mat_98.txt,mat_98.mtx,rhs_98_2.bin,2,True,2,18,5.12159695870641e-08,0.0007814809996489203
98,mat_98.txt,mat_98.mtx,rhs_98_2.bin,3,True,2,13,4.283552365104541e-08,0.000904755000192381
98,mat_98.txt,mat_98.mtx,rhs_98_3.bin,0,True,2,56,4.5006013287957864e-08,0.0013885629996366333
98,mat_98.txt,mat_98.mtx,rhs_98_3.bin,1,True,2,26,5.111402714108972e-08,0.0009721550004542223
98,mat_98.txt,mat_98.mtx,rhs_98_3.bin,2,True,2,18,1.2847854132629525e-07,0.0009236129999408149
98,mat_98.txt,mat_98.mtx,rhs_98_3.bin,3,True,2,13,4.2817227919846065e-08,0.0009290609996241983
98,mat_98.txt,mat_98.mtx,rhs_98_4.bin,0,True,2,52,7.859750246677104e-08,0.0012292490000618272
98,mat_98.txt,mat_98.mtx,rhs_98_4.bin,1,True,2,26,4.1762464862869925e-08,0.0007536839993917965
98,mat_98.txt,mat_98.mtx,rhs_98_4.bin,2,True,2,18,6.528754295314572e-08,0.000722044000212918
98,mat_98.txt,mat_98.mtx,rhs_98_4.bin,3,True,2,13,7.780187414934909e-08,0.0008364479999727337
98,mat_98.txt,mat_98.mtx,rhs_98_5.bin,0,True,2,53,8.544768523992091e-08,0.0009854239997366676
98,mat_98.txt,mat_98.mtx,rhs_98_5.bin,1,True,2,26,7.822199251237776e-08,0.0008279269995909999
98,mat_98.txt,mat_98.mtx,rhs_98_5.bin,2,True,2,18,9.761846896677445e-08,0.0007845540003472706
98,mat_98.txt,mat_98.mtx,rhs_98_5.bin,3,True,2,12,5.611914922291042e-07,0.001104857000427728
98,mat_98.txt,mat_98.mtx,rhs_98_6.bin,0,True,2,57,5.966987504100758e-08,0.0014273960005084518
98,mat_98.txt,mat_98.mtx,rhs_98_6.bin,1,True,2,26,1.1086175286852805e-07,0.0009274550002373871
98,mat_98.txt,mat_98.mtx,rhs_98_6.bin,2,True,2,18,1.5111249337200668e-07,0.0008246449997386662
98,mat_98.txt,mat_98.mtx,rhs_98_6.bin,3,True,2,13,7.550232609064198e-08,0.0011434809994170791
98,mat_98.txt,mat_98.mtx,rhs_98_7.bin,0,True,2,53,1.0967934685598424e-07,0.0010726589998739655
98,mat_98.txt,mat_98.mtx,rhs_98_7.bin,1,True,2,26,8.366694520415646e-08,0.000725746000171057
98,mat_98.txt,mat_98.mtx,rhs_98_7.bin,2,True,2,18,9.274511765926507e-08,0.0007124750000002678
98,mat_98.txt,mat_98.mtx,rhs_98_7.bin,3,True,2,13,6.180216135585223e-08,0.0008181490002243663
98,mat_98.txt,mat_98.mtx,rhs_98_8.bin,0,True,2,56,7.891017860126531e-08,0.0011318870001559844
98,mat_98.txt,mat_98.mtx,rhs_98_8.bin,1,True,2,26,5.906448588730877e-08,0.0008102570000119158
98,mat_98.txt,mat_98.mtx,rhs_98_8.bin,2,True,2,18,1.287177673061428e-07,0.0009986949999074568
98,mat_98.txt,mat_98.mtx,rhs_98_8.bin,3,True,2,13,9.973980766788118e-08,0.0011451569998826017
99,mat_99.txt,mat_99.mtx,rhs_99_1.bin,0,True,2,61,1.1406870533177725e-07,0.0012979050006833859
99,mat_99.txt,mat_99.mtx,rhs_99_1.bin,1,True,2,28,1.273962252504484e-07,0.0008161240002664272
99,mat_99.txt,mat_99.mtx,rhs_99_1.bin,2,True,2,19,6.831482159016576e-08,0.0007504010000047856
99,mat_99.txt,mat_99.mtx,rhs_99_1.bin,3,True,2,12,1.051797992495588e-06,0.0008541880006305291
99,mat_99.txt,mat_99.mtx,rhs_99_2.bin,0,True,2,64,6.300805055975837e-08,0.0012473380002120393
99,mat_99.txt,mat_99.mtx,rhs_99_2.bin,1,True,2,29,2.980733089533615e-08,0.0011165919995619333
99,mat_99.txt,mat_99.mtx,rhs_99_2.bin,2,True,2,19,6.174245757045843e-08,0.0009858439998424728
99,mat_99.txt,mat_99.mtx,rhs_99_2.bin,3,True,2,13,7.929221577923879e-08,0.0012020789999951376
99,mat_99.txt,mat_99.mtx,rhs_99_3.bin,0,True,2,58,9.92899875457059e-08,0.0012963690005562967
99,mat_99.txt,mat_99.mtx,rhs_99_3.bin,1,True,2,28,1.356838320631105e-07,0.0009783010000319337
99,mat_99.txt,mat_99.mtx,rhs_99_3.bin,2,True,2,19,1.2534933406648088e-07,0.0007415299996864633
99,mat_99.txt,mat_99.mtx,rhs_99_3.bin,3,True,2,13,3.0006650429204186e-07,0.0008367279997401056
99,mat_99.txt,mat_99.mtx,rhs_99_4.bin,0,True,2,59,4.182346792660266e-08,0.001135868000346818
99,mat_99.txt,mat_99.mtx,rhs_99_4.bin,1,True,2,29,3.414246121558874e-08,0.0010218830002486357
99,mat_99.txt,mat_99.mtx,rhs_99_4.bin,2,True,2,19,6.35220305711644e-08,0.0009211679998770705
99,mat_99.txt,mat_99.mtx,rhs_99_4.bin,3,True,2,13,1.0559157351664469e-07,0.0011283249996267841
99,mat_99.txt,mat_99.mtx,rhs_99_5.bin,0,True,2,62,1.012394122851664e-07,0.0014329830000860966
99,mat_99.txt,mat_99.mtx,rhs_99_5.bin,1,True,2,28,1.0258745958205563e-07,0.00101929900029063
99,mat_99.txt,mat_99.mtx,rhs_99_5.bin,2,True,2,19,5.1934948179088624e-08,0.0009748779993969947
99,mat_99.txt,mat_99.mtx,rhs_99_5.bin,3,True,2,13,3.6571265530180235e-07,0.0010695860000851098
99,mat_99.txt,mat_99.mtx,rhs_99_6.bin,0,True,2,64,5.850943326974749e-08,0.0012136039995311876
99,mat_99.txt,mat_99.mtx,rhs_99_6.bin,1,True,2,29,2.3847073021646293e-08,0.0008235270006480278
99,mat_99.txt,mat_99.mtx,rhs_99_6.bin,2,True,2,19,7.191713453031653e-08,0.0007482359997084131
99,mat_99.txt,mat_99.mtx,rhs_99_6.bin,3,True,2,13,1.6268514789313434e-07,0.0008472039999105618
99,mat_99.txt,mat_99.mtx,rhs_99_7.bin,0,True,2,59,3.6746680926670914e-08,0.00134609700035071
99,mat_99.txt,mat_99.mtx,rhs_99_7.bin,1,True,2,29,1.902187206288745e-08,0.001114776000576967
99,mat_99.txt,mat_99.mtx,rhs_99_7.bin,2,True,2,19,4.051953015548023e-08,0.0010283779993187636
99,mat_99.txt,mat_99.mtx,rhs_99_7.bin,3,True,2,13,1.0327119851210988e-07,0.0010936830003629439
99,mat_99.txt,mat_99.mtx,rhs_99_8.bin,0,True,2,60,4.1080452620154894e-08,0.0012675230000240845
99,mat_99.txt,mat_99.mtx,rhs_99_8.bin,1,True,2,29,1.6499879265026412e-08,0.0011104450004495448
99,mat_99.txt,mat_99.mtx,rhs_99_8.bin,2,True,2,19,4.248872636734017e-08,0.0008537000003343564
99,mat_99.txt,mat_99.mtx,rhs_99_8.bin,3,True,2,13,1.4447025767130188e-07,0.00085795999984839
99,mat_99.txt,mat_99.mtx,rhs_99_9.bin,0,True,2,65,5.6898224500536144e-08,0.0011967720001848647
99,mat_99.txt,mat_99.mtx,rhs_99_9.bin,1,True,2,29,3.226337831748006e-08,0.0008249239999713609
99,mat_99.txt,mat_99.mtx,rhs_99_9.bin,2,True,2,19,3.777185088601799e-08,0.000978230999862717
99,mat_99.txt,mat_99.mtx,rhs_99_9.bin,3,True,2,13,2.2161773690948915e-07,0.0009892660000332398
99,mat_99.txt,mat_99.mtx,rhs_99_10.bin,0,True,2,63,7.710233264381058e-08,0.001469650999752048
99,mat_99.txt,mat_99.mtx,rhs_99_10.bin,1,True,2,29,2.6232046857026246e-08,0.0010721700000431156
99,mat_99.txt,mat_99.mtx,rhs_99_10.bin,2,True,2,19,5.922691677555521e-08,0.0009976470000765403
99,mat_99.txt,mat_99.mtx,rhs_99_10.bin,3,True,2,13,2.1690269233045176e-07,0.001071192999916093
99,mat_99.txt,mat_99.mtx,rhs_99_11.bin,0,True,2,59,1.1908005965347494e-07,0.001246221000656078
99,mat_99.txt,mat_99.mtx,rhs_99_11.bin,1,True,2,28,1.6126355236505307e-07,0.0008031329998630099
99,mat_99.txt,mat_99.mtx,rhs_99_11.bin,2,True,2,19,1.1390239939555589e-07,0.0007535439999628579
99,mat_99.txt,mat_99.mtx,rhs_99_11.bin,3,True,2,13,3.0115296595927617e-07,0.000848321999910695
99,mat_99.txt,mat_99.mtx,rhs_99_12.bin,0,True,2,57,6.311666712825525e-08,0.0012998610000067856
99,mat_99.txt,mat_99.mtx,rhs_99_12.bin,1,True,2,28,1.1686825602907566e-07,0.0009493150000707828
99,mat_99.txt,mat_99.mtx,rhs_99_12.bin,2,True,2,19,1.0080540785393013e-07,0.0009592329997758497
99,mat_99.txt,mat_99.mtx,rhs_99_12.bin,3,True,2,13,2.582149555053367e-07,0.0010656749991539982
99,mat_99.txt,mat_99.mtx,rhs_99_13.bin,0,True,2,66,1.0643676416953782e-07,0.0015835660005905083
99,mat_99.txt,mat_99.mtx,rhs_99_13.bin,1,True,2,28,1.791756885816742e-07,0.0010331980001865304
99,mat_99.txt,mat_99.mtx,rhs_99_13.bin,2,True,2,19,6.44577431898581e-08,0.000931855000089854
99,mat_99.txt,mat_99.mtx,rhs_99_13.bin,3,True,2,13,9.492179703378214e-08,0.0008498580000377842
99,mat_99.txt,mat_99.mtx,rhs_99_14.bin,0,True,2,61,1.1066447536751217e-07,0.0011518620003698743
99,mat_99.txt,mat_99.mtx,rhs_99_14.bin,1,True,2,28,7.616048505067815e-08,0.0010661639998943429
99,mat_99.txt,mat_99.mtx,rhs_99_14.bin,2,True,2,19,5.314470233044684e-08,0.0012270139995962381
99,mat_99.txt,mat_99.mtx,rhs_99_14.bin,3,True,2,13,2.341100810561286e-07,0.0013253539991637808
99,mat_99.txt,mat_99.mtx,rhs_99_15.bin,0,True,2,65,1.0505204522199136e-07,0.0011992159998044372
99,mat_99.txt,mat_99.mtx,rhs_99_15.bin,1,True,2,28,1.7062530630531038e-07,0.0008027829999264213
99,mat_99.txt,mat_99.mtx,rhs_99_15.bin,2,True,2,19,8.980795387797775e-08,0.0007548009998572525
99,mat_99.txt,mat_99.mtx,rhs_99_15.bin,3,True,2,13,3.702922949495493e-07,0.0008496479995301343
105,mat_105.txt,mat_105.mtx,rhs_105_1.bin,0,True,2,58,1.2506911329146936e-07,0.0012066900007994263
105,mat_105.txt,mat_105.mtx,rhs_105_1.bin,1,True,2,27,8.144760047848472e-08,0.000798942000074021
105,mat_105.txt,mat_105.mtx,rhs_105_1.bin,2,True,2,18,1.4201785690547438e-07,0.0007469780002793414
105,mat_105.txt,mat_105.mtx,rhs_105_1.bin,3,True,2,12,9.872872380126588e-07,0.0008550269994884729
105,mat_105.txt,mat_105.mtx,rhs_105_2.bin,0,True,2,58,8.939969705325066e-08,0.0010880250001719105
105,mat_105.txt,mat_105.mtx,rhs_105_2.bin,1,True,2,27,3.301456547251352e-08,0.0007916080003269599
105,mat_105.txt,mat_105.mtx,rhs_105_2.bin,2,True,2,18,1.7201816435035237e-07,0.0007399240002996521
105,mat_105.txt,mat_105.mtx,rhs_105_2.bin,3,True,2,13,4.9879109587113255e-08,0.0008558649997212342
105,mat_105.txt,mat_105.mtx,rhs_105_3.bin,0,True,2,45,9.2355752593636e-08,0.0008539789996575564
105,mat_105.txt,mat_105.mtx,rhs_105_3.bin,1,True,2,27,4.931101682333312e-08,0.0008832439998514019
105,mat_105.txt,mat_105.mtx,rhs_105_3.bin,2,True,2,18,1.6389917450001244e-07,0.0007082840002112789
105,mat_105.txt,mat_105.mtx,rhs_105_3.bin,3,True,2,12,7.215899541435462e-07,0.0008184979997167829
105,mat_105.txt,mat_105.mtx,rhs_105_4.bin,0,True,2,56,1.5028605150915992e-07,0.0010521949998292257
105,mat_105.txt,mat_105.mtx,rhs_105_4.bin,1,True,2,27,1.507117287293618e-07,0.0007740080000075977
105,mat_105.txt,mat_105.mtx,rhs_105_4.bin,2,True,2,19,6.387068564285265e-08,0.0007640199992238195
105,mat_105.txt,mat_105.mtx,rhs_105_4.bin,3,True,2,13,5.103581985920659e-08,0.0008495779993609176
105,mat_105.txt,mat_105.mtx,rhs_105_5.bin,0,True,2,54,6.07861059309414e-08,0.0010109879995070514
105,mat_105.txt,mat_105.mtx,rhs_105_5.bin,1,True,2,27,7.360467090437955e-08,0.0007504010000047856
105,mat_105.txt,mat_105.mtx,rhs_105_5.bin,2,True,2,18,1.8092587423559428e-07,0.000700532999871939
105,mat_105.txt,mat_105.mtx,rhs_105_5.bin,3,True,2,12,3.316930852245122e-07,0.0007974749996719765
105,mat_105.txt,mat_105.mtx,rhs_105_6.bin,0,True,2,58,8.648857824955778e-08,0.0010988510002789553
105,mat_105.txt,mat_105.mtx,rhs_105_6.bin,1,True,2,27,5.3101939544232484e-08,0.0007779890001984313
105,mat_105.txt,mat_105.mtx,rhs_105_6.bin,2,True,2,18,2.3882740034475365e-07,0.0007171549996201065
105,mat_105.txt,mat_105.mtx,rhs_105_6.bin,3,True,2,13,3.6330541830758426e-08,0.0008407089999309392
105,mat_105.txt,mat_105.mtx,rhs_105_7.bin,0,True,2,56,8.608204506906153e-08,0.0010475849994691089
105,mat_105.txt,mat_105.mtx,rhs_105_7.bin,1,True,2,27,8.57951756455534e-08,0.0007394349995593075
105,mat_105.txt,mat_105.mtx,rhs_105_7.bin,2,True,2,18,1.4543886147106007e-07,0.0007027669998933561
105,mat_105.txt,mat_105.mtx,rhs_105_7.bin,3,True,2,13,6.93266370908372e-08,0.0008175900002242997
105,mat_105.txt,mat_105.mtx,rhs_105_8.bin,0,True,2,59,9.524230668565386e-08,0.0011056950006604893
105,mat_105.txt,mat_105.mtx,rhs_105_8.bin,1,True,2,27,7.475842813668956e-08,0.0007645790001333808
105,mat_105.txt,mat_105.mtx,rhs_105_8.bin,2,True,2,18,1.6759235587964112e-07,0.0007221840005513513
105,mat_105.txt,mat_105.mtx,rhs_105_8.bin,3,True,2,12,8.86577076368232e-07,0.0008189869995476329
105,mat_105.txt,mat_105.mtx,rhs_105_9.bin,0,True,2,56,8.923357096552959e-08,0.0010394139999334584
105,mat_105.txt,mat_105.mtx,rhs_105_9.bin,1,True,2,27,7.085089356021081e-08,0.0007384570008071023
105,mat_105.txt,mat_105.mtx,rhs_105_9.bin,2,True,2,18,1.7804449369956797e-07,0.0007021390001682448
105,mat_105.txt,mat_105.mtx,rhs_105_9.bin,3,True,2,12,8.886356131186626e-07,0.000795589999142976
105,mat_105.txt,mat_105.mtx,rhs_105_10.bin,0,True,2,59,2.373879164712594e-07,0.0010982920002788887
105,mat_105.txt,mat_105.mtx,rhs_105_10.bin,1,True,2,27,2.6095627807633654e-07,0.0007707249997110921
105,mat_105.txt,mat_105.mtx,rhs_105_10.bin,2,True,2,18,8.349720311310632e-07,0.0007210659996417235
105,mat_105.txt,mat_105.mtx,rhs_105_10.bin,3,True,2,13,2.975292006347065e-07,0.0008339329997397726
105,mat_105.txt,mat_105.mtx,rhs_105_11.bin,0,True,2,55,1.6759432508370292e-07,0.0010192290001214133
105,mat_105.txt,mat_105.mtx,rhs_105_11.bin,1,True,2,27,2.1076741427306618e-07,0.0007561279999208637
105,mat_105.txt,mat_105.mtx,rhs_105_11.bin,2,True,2,19,5.972931002709316e-08,0.000728261000404018
105,mat_105.txt,mat_105.mtx,rhs_105_11.bin,3,True,2,13,1.228344228899249e-07,0.0008189869995476329
105,mat_105.txt,mat_105.mtx,rhs_105_12.bin,0,True,2,54,6.749171719292115e-08,0.001004143000500335
105,mat_105.txt,mat_105.mtx,rhs_105_12.bin,1,True,2,27,7.814367360374043e-08,0.0007703060000494588
105,mat_105.txt,mat_105.mtx,rhs_105_12.bin,2,True,2,19,3.781698271451168e-08,0.000747257000512036
105,mat_105.txt,mat_105.mtx,rhs_105_12.bin,3,True,2,13,9.833066225160693e-08,0.0008379150003747782
105,mat_105.txt,mat_105.mtx,rhs_105_13.bin,0,True,2,61,7.505339217579411e-08,0.0011367059996700846
105,mat_105.txt,mat_105.mtx,rhs_105_13.bin,1,True,2,27,8.446302874973909e-08,0.0007381089999398682
105,mat_105.txt,mat_105.mtx,rhs_105_13.bin,2,True,2,19,1.9316946389117403e-08,0.0007226729994727066
105,mat_105.txt,mat_105.mtx,rhs_105_13.bin,3,True,2,13,5.389381684977331e-08,0.0008344920006493339
